{"stats":{"minecraft:killed_by":{"minecraft:creeper":3,"minecraft:spider":1,"iceandfire:lightning_dragon":3},"minecraft:crafted":{"minecraft:oak_door":3,"minecraft:oak_planks":472,"epicfight:iron_spear":1,"minecraft:furnace":2,"minecraft:stone":4,"minecraft:cooked_mutton":64,"minecraft:iron_boots":1,"minecraft:bow":1,"minecraft:iron_axe":3,"minecraft:stone_pickaxe":5,"minecraft:chest":6,"minecraft:smoker":1,"minecraft:cooked_beef":18,"minecraft:crafting_table":3,"minecraft:wooden_pickaxe":1,"minecraft:iron_helmet":1,"minecraft:iron_sword":4,"epicfight:iron_longsword":2,"minecraft:bucket":1,"minecraft:stone_axe":2,"minecraft:air":0,"epicfight:iron_tachi":1,"minecraft:iron_chestplate":1,"minecraft:diamond_pickaxe":1,"minecraft:shield":1,"minecraft:stick":184,"minecraft:iron_ingot":205,"minecraft:iron_pickaxe":3,"minecraft:wooden_axe":1,"minecraft:iron_block":16,"minecraft:stone_sword":2,"minecraft:iron_shovel":1,"minecraft:iron_leggings":1,"minecraft:torch":440,"minecraft:lapis_block":15},"minecraft:broken":{"minecraft:stone_sword":1,"minecraft:stone_pickaxe":4,"minecraft:iron_axe":1},"minecraft:picked_up":{"iceandfire:dragon_skull_lightning":1,"minecraft:iron_chestplate":3,"minecraft:crafting_table":7,"iceandfire:witherbone":1,"iceandfire:copper_sword":1,"minecraft:chicken":3,"minecraft:creeper_head":1,"aether:iron_gloves":2,"minecraft:lead":2,"iceandfire:armor_copper_metal_chestplate":1,"minecraft:brewing_stand":2,"minecraft:shield":5,"epicfight:iron_tachi":2,"epicfight:iron_longsword":3,"iceandfire:dragonbone_pickaxe":1,"iceandfire:manuscript":6,"minecraft:string":50,"minecraft:raw_copper":38,"minecraft:iron_axe":3,"minecraft:iron_leggings":3,"minecraft:iron_shovel":1,"minecraft:gold_nugget":6,"minecraft:cobbled_deepslate":25,"minecraft:beef":31,"minecraft:poppy":1,"minecraft:iron_pickaxe":12,"minecraft:iron_boots":3,"minecraft:egg":8,"minecraft:furnace":10,"minecraft:stick":411,"minecraft:raw_iron":230,"iceandfire:dragonbone":15,"iceandfire:crackled_dirt":67,"iceandfire:armor_copper_metal_leggings":3,"minecraft:torch":216,"minecraft:acacia_log":2,"epicfight:skillbook":18,"minecraft:porkchop":3,"iceandfire:crackled_gravel":66,"minecraft:diorite":1,"minecraft:carrot":2,"iceandfire:lightning_lily":3,"minecraft:arrow":80,"minecraft:rotten_flesh":120,"minecraft:saddle":2,"minecraft:obsidian":8,"minecraft:mutton":7,"minecraft:white_wool":3,"minecraft:rail":1,"minecraft:cobblestone":427,"minecraft:oxeye_daisy":4,"minecraft:feather":4,"minecraft:cooked_beef":60,"minecraft:water_bucket":5,"minecraft:andesite":1,"minecraft:brown_wool":1,"minecraft:leather":13,"minecraft:potato":1,"minecraft:tuff":1,"minecraft:oak_log":368,"minecraft:gunpowder":21,"minecraft:lapis_lazuli":133,"minecraft:dirt":285,"minecraft:cooked_mutton":82,"minecraft:bone":82,"minecraft:apple":6,"minecraft:stone_bricks":6,"iceandfire:pixie_jar_empty":4,"minecraft:bow":5,"minecraft:wheat_seeds":23,"minecraft:cooked_chicken":2,"minecraft:raw_gold":12,"minecraft:iron_ingot":126,"minecraft:oak_planks":180,"minecraft:iron_sword":3,"wom:agony":6,"minecraft:book":177,"iceandfire:copper_nugget":282,"epicfight:iron_spear":2,"minecraft:dandelion":3,"minecraft:amethyst_shard":12,"minecraft:blast_furnace":15,"minecraft:white_bed":1,"minecraft:grass_block":1,"iceandfire:dragonbone_sword_lightning":3,"minecraft:spider_eye":7,"minecraft:diamond":4,"iceandfire:crackled_stone":1,"minecraft:crossbow":1,"minecraft:iron_helmet":3,"minecraft:granite":5,"minecraft:emerald":32,"minecraft:oak_sapling":217,"minecraft:melon_seeds":3,"minecraft:coal":563,"iceandfire:raw_silver":48,"minecraft:ender_pearl":2},"minecraft:dropped":{"minecraft:bread":1,"minecraft:iron_sword":2,"minecraft:cooked_porkchop":17,"iceandfire:armor_copper_metal_chestplate":1,"minecraft:cobblestone":1,"minecraft:leather":2,"minecraft:granite":5,"epicfight:iron_longsword":1,"minecraft:emerald":10,"iceandfire:crackled_dirt":1,"minecraft:mutton":2,"minecraft:wooden_axe":1,"minecraft:gold_nugget":6,"minecraft:iron_shovel":1,"minecraft:string":4,"minecraft:white_wool":1,"minecraft:redstone":4,"minecraft:bone":3,"epicfight:iron_spear":1,"minecraft:stone_axe":2,"wom:agony":1,"minecraft:stone_sword":1,"minecraft:cobbled_deepslate":9,"minecraft:rotten_flesh":18,"minecraft:white_bed":1,"iceandfire:crackled_gravel":1,"minecraft:poppy":1,"minecraft:gunpowder":11,"iceandfire:copper_sword":2,"aether:iron_gloves":1,"minecraft:melon_seeds":3,"minecraft:spider_eye":2,"iceandfire:dragonbone_sword_lightning":1,"minecraft:wooden_pickaxe":1,"minecraft:beef":6,"minecraft:stone_pickaxe":1,"iceandfire:crackled_stone":1,"iceandfire:armor_copper_metal_leggings":1,"iceandfire:dragon_skull_lightning":1},"minecraft:custom":{"minecraft:mob_kills":261,"minecraft:interact_with_crafting_table":57,"minecraft:open_barrel":2,"minecraft:bell_ring":1,"minecraft:leave_game":7,"minecraft:time_since_death":34361,"minecraft:climb_one_cm":152,"minecraft:sprint_one_cm":1195242,"minecraft:walk_one_cm":1878199,"minecraft:damage_blocked_by_shield":795,"minecraft:drop":74,"minecraft:talked_to_villager":13,"minecraft:raid_win":1,"minecraft:play_time":329459,"minecraft:deaths":7,"minecraft:sneak_time":9888,"minecraft:walk_under_water_one_cm":22148,"minecraft:jump":7077,"minecraft:interact_with_blast_furnace":9,"minecraft:walk_on_water_one_cm":47864,"minecraft:total_world_time":329459,"minecraft:interact_with_furnace":96,"minecraft:interact_with_cartography_table":1,"minecraft:raid_trigger":1,"minecraft:sleep_in_bed":3,"minecraft:time_since_rest":34421,"minecraft:damage_taken":7928,"minecraft:damage_dealt":45778,"minecraft:swim_one_cm":11317,"minecraft:fly_one_cm":2386196,"minecraft:open_chest":279,"minecraft:crouch_one_cm":36390,"minecraft:interact_with_smoker":1,"minecraft:fall_one_cm":183479},"minecraft:used":{"minecraft:stone_sword":133,"minecraft:iron_shovel":153,"minecraft:acacia_log":2,"minecraft:chest":6,"minecraft:shield":27,"minecraft:iron_sword":42,"minecraft:cooked_chicken":2,"minecraft:oak_door":1,"minecraft:torch":383,"minecraft:dirt":82,"wom:agony":331,"minecraft:wooden_axe":24,"epicfight:iron_greatsword":98,"minecraft:iron_axe":485,"minecraft:stone_bricks":1,"minecraft:bow":45,"minecraft:furnace":7,"minecraft:oak_sapling":81,"minecraft:egg":2,"iceandfire:dragonbone_pickaxe":18,"minecraft:cooked_beef":16,"minecraft:cobbled_deepslate":5,"minecraft:cooked_mutton":64,"epicfight:skillbook":27,"minecraft:water_bucket":29,"epicfight:iron_spear":5,"minecraft:stone_pickaxe":563,"minecraft:oak_planks":202,"minecraft:wooden_pickaxe":17,"epicfight:iron_longsword":146,"minecraft:crafting_table":9,"iceandfire:dragonbone_sword_lightning":21,"minecraft:blast_furnace":3,"minecraft:crossbow":1,"minecraft:white_bed":1,"minecraft:smoker":1,"epicfight:iron_tachi":10,"minecraft:oak_log":1,"minecraft:apple":1,"minecraft:bread":1,"minecraft:iron_pickaxe":533,"minecraft:stone_axe":113,"minecraft:cobblestone":132,"minecraft:cooked_porkchop":14,"minecraft:bucket":29},"minecraft:mined":{"minecraft:tuff":2,"minecraft:oak_sapling":2,"iceandfire:silver_ore":29,"minecraft:deepslate_diamond_ore":4,"iceandfire:copper_pile":5,"minecraft:obsidian":8,"minecraft:brewing_stand":2,"iceandfire:crackled_gravel":110,"minecraft:granite":5,"minecraft:acacia_log":2,"minecraft:grass_block":11,"iceandfire:crackled_cobblestone":1,"minecraft:furnace":10,"minecraft:iron_ore":157,"minecraft:fire":3,"minecraft:andesite":18,"minecraft:deepslate_lapis_ore":15,"iceandfire:crackled_dirt":106,"minecraft:bookshelf":45,"minecraft:deepslate_iron_ore":77,"minecraft:stone":257,"minecraft:amethyst_cluster":3,"minecraft:crafting_table":7,"minecraft:torch":13,"minecraft:blast_furnace":7,"minecraft:calcite":8,"minecraft:tall_grass":19,"minecraft:copper_ore":13,"minecraft:cobblestone":24,"minecraft:lapis_ore":7,"minecraft:deepslate_gold_ore":8,"minecraft:oak_planks":70,"minecraft:diorite":3,"minecraft:wall_torch":10,"minecraft:amethyst_block":3,"iceandfire:crackled_stone":55,"minecraft:grass":80,"minecraft:oak_log":367,"minecraft:coal_ore":343,"minecraft:dirt":23,"minecraft:cobweb":4,"minecraft:smooth_basalt":1,"minecraft:stone_bricks":7,"minecraft:gold_ore":4,"minecraft:oak_leaves":40,"minecraft:deepslate":31},"minecraft:killed":{"minecraft:cave_spider":6,"minecraft:spider":35,"minecraft:skeleton":46,"minecraft:chicken":1,"minecraft:pig":1,"minecraft:zombie_villager":1,"minecraft:bat":2,"minecraft:ravager":1,"minecraft:creeper":13,"iceandfire:cockatrice":1,"minecraft:sheep":5,"minecraft:trader_llama":2,"minecraft:pillager":14,"minecraft:zombie":99,"minecraft:enderman":4,"minecraft:cow":12}},"DataVersion":3465}