{"stats":{"minecraft:killed_by":{"minecraft:creeper":2,"minecraft:spider":1},"minecraft:crafted":{"minecraft:oak_door":3,"minecraft:oak_planks":340,"minecraft:furnace":2,"minecraft:cooked_mutton":64,"minecraft:iron_boots":1,"minecraft:bow":1,"minecraft:iron_axe":1,"minecraft:stone_pickaxe":5,"minecraft:chest":4,"minecraft:cooked_beef":18,"minecraft:crafting_table":2,"minecraft:wooden_pickaxe":1,"minecraft:iron_helmet":1,"minecraft:bucket":1,"minecraft:stone_axe":2,"minecraft:air":0,"minecraft:iron_chestplate":1,"minecraft:diamond_pickaxe":1,"minecraft:shield":1,"minecraft:stick":184,"minecraft:iron_ingot":187,"minecraft:iron_pickaxe":3,"minecraft:wooden_axe":1,"minecraft:stone_sword":2,"minecraft:iron_leggings":1,"minecraft:torch":424},"minecraft:broken":{"minecraft:stone_sword":1,"minecraft:stone_pickaxe":4},"minecraft:picked_up":{"minecraft:crafting_table":7,"minecraft:chicken":3,"minecraft:lead":2,"minecraft:brewing_stand":2,"minecraft:shield":2,"minecraft:string":43,"minecraft:raw_copper":38,"minecraft:iron_axe":2,"minecraft:gold_nugget":6,"minecraft:cobbled_deepslate":25,"minecraft:beef":25,"minecraft:poppy":1,"minecraft:iron_pickaxe":6,"minecraft:egg":6,"minecraft:furnace":5,"minecraft:stick":132,"minecraft:raw_iron":230,"minecraft:torch":13,"minecraft:acacia_log":2,"epicfight:skillbook":13,"minecraft:porkchop":3,"minecraft:diorite":1,"minecraft:arrow":38,"minecraft:rotten_flesh":78,"minecraft:mutton":5,"minecraft:white_wool":2,"minecraft:rail":1,"minecraft:cobblestone":297,"minecraft:oxeye_daisy":4,"minecraft:feather":4,"minecraft:cooked_beef":26,"minecraft:water_bucket":2,"minecraft:andesite":1,"minecraft:brown_wool":1,"minecraft:leather":8,"minecraft:potato":1,"minecraft:tuff":1,"minecraft:oak_log":90,"minecraft:gunpowder":18,"minecraft:lapis_lazuli":133,"minecraft:dirt":171,"minecraft:cooked_mutton":66,"minecraft:bone":39,"minecraft:apple":1,"minecraft:bow":2,"minecraft:wheat_seeds":15,"minecraft:raw_gold":12,"minecraft:iron_ingot":45,"minecraft:oak_planks":68,"minecraft:iron_sword":1,"wom:agony":3,"minecraft:book":114,"minecraft:dandelion":3,"minecraft:amethyst_shard":12,"minecraft:blast_furnace":1,"minecraft:white_bed":1,"minecraft:spider_eye":5,"minecraft:diamond":4,"minecraft:granite":5,"minecraft:oak_sapling":57,"minecraft:melon_seeds":3,"minecraft:coal":397,"iceandfire:raw_silver":48,"minecraft:ender_pearl":1},"minecraft:dropped":{"minecraft:bread":1,"minecraft:iron_sword":1,"minecraft:cooked_porkchop":17,"minecraft:cobblestone":1,"minecraft:granite":5,"minecraft:wooden_axe":1,"minecraft:gold_nugget":6,"minecraft:string":2,"minecraft:redstone":4,"minecraft:bone":3,"minecraft:stone_axe":2,"wom:agony":1,"minecraft:stone_sword":1,"minecraft:cobbled_deepslate":9,"minecraft:white_bed":1,"minecraft:poppy":1,"minecraft:gunpowder":10,"minecraft:melon_seeds":3,"minecraft:wooden_pickaxe":1,"minecraft:beef":2,"minecraft:stone_pickaxe":1},"minecraft:custom":{"minecraft:mob_kills":189,"minecraft:interact_with_crafting_table":35,"minecraft:leave_game":7,"minecraft:time_since_death":26548,"minecraft:climb_one_cm":152,"minecraft:sprint_one_cm":727315,"minecraft:walk_one_cm":1274103,"minecraft:damage_blocked_by_shield":715,"minecraft:drop":42,"minecraft:talked_to_villager":11,"minecraft:play_time":209459,"minecraft:deaths":3,"minecraft:sneak_time":9318,"minecraft:walk_under_water_one_cm":19442,"minecraft:jump":4427,"minecraft:interact_with_blast_furnace":8,"minecraft:walk_on_water_one_cm":36843,"minecraft:total_world_time":209459,"minecraft:interact_with_furnace":83,"minecraft:interact_with_cartography_table":1,"minecraft:sleep_in_bed":2,"minecraft:time_since_rest":26581,"minecraft:damage_taken":4609,"minecraft:damage_dealt":32302,"minecraft:swim_one_cm":3347,"minecraft:fly_one_cm":1328614,"minecraft:open_chest":117,"minecraft:crouch_one_cm":33841,"minecraft:fall_one_cm":105957},"minecraft:used":{"minecraft:stone_sword":133,"minecraft:acacia_log":2,"minecraft:chest":4,"minecraft:shield":24,"minecraft:iron_sword":42,"minecraft:oak_door":1,"minecraft:torch":361,"minecraft:dirt":58,"wom:agony":301,"minecraft:wooden_axe":24,"epicfight:iron_greatsword":98,"minecraft:iron_axe":121,"minecraft:bow":31,"minecraft:furnace":7,"minecraft:oak_sapling":57,"minecraft:egg":2,"minecraft:cooked_beef":5,"minecraft:cobbled_deepslate":5,"minecraft:cooked_mutton":39,"epicfight:skillbook":23,"minecraft:water_bucket":17,"minecraft:stone_pickaxe":563,"minecraft:oak_planks":126,"minecraft:wooden_pickaxe":17,"minecraft:crafting_table":8,"minecraft:blast_furnace":1,"minecraft:white_bed":1,"minecraft:apple":1,"minecraft:iron_pickaxe":433,"minecraft:stone_axe":113,"minecraft:cobblestone":99,"minecraft:cooked_porkchop":14,"minecraft:bucket":18},"minecraft:mined":{"minecraft:tuff":2,"minecraft:oak_sapling":1,"iceandfire:silver_ore":29,"minecraft:deepslate_diamond_ore":4,"minecraft:brewing_stand":2,"minecraft:granite":5,"minecraft:acacia_log":2,"minecraft:grass_block":10,"minecraft:furnace":5,"minecraft:iron_ore":157,"minecraft:andesite":18,"minecraft:deepslate_lapis_ore":15,"minecraft:bookshelf":38,"minecraft:deepslate_iron_ore":77,"minecraft:stone":254,"minecraft:amethyst_cluster":3,"minecraft:crafting_table":7,"minecraft:torch":5,"minecraft:blast_furnace":1,"minecraft:calcite":8,"minecraft:tall_grass":18,"minecraft:copper_ore":13,"minecraft:cobblestone":17,"minecraft:lapis_ore":7,"minecraft:deepslate_gold_ore":8,"minecraft:oak_planks":63,"minecraft:diorite":3,"minecraft:wall_torch":4,"minecraft:amethyst_block":3,"minecraft:grass":69,"minecraft:oak_log":89,"minecraft:coal_ore":343,"minecraft:dirt":10,"minecraft:cobweb":4,"minecraft:smooth_basalt":1,"minecraft:gold_ore":4,"minecraft:oak_leaves":11,"minecraft:deepslate":31},"minecraft:killed":{"minecraft:cave_spider":6,"minecraft:spider":31,"minecraft:skeleton":33,"minecraft:chicken":1,"minecraft:pig":1,"minecraft:zombie_villager":1,"minecraft:bat":2,"minecraft:creeper":11,"minecraft:sheep":2,"minecraft:trader_llama":2,"minecraft:pillager":2,"minecraft:zombie":76,"minecraft:enderman":1,"minecraft:cow":11}},"DataVersion":3465}