{"stats":{"minecraft:killed_by":{"minecraft:creeper":1},"minecraft:crafted":{"minecraft:oak_planks":136,"minecraft:furnace":2,"minecraft:cooked_mutton":64,"minecraft:bow":1,"minecraft:stone_pickaxe":5,"minecraft:chest":2,"minecraft:cooked_beef":5,"minecraft:crafting_table":2,"minecraft:wooden_pickaxe":1,"minecraft:stone_axe":2,"minecraft:air":0,"minecraft:shield":1,"minecraft:stick":112,"minecraft:iron_ingot":6,"minecraft:iron_pickaxe":1,"minecraft:wooden_axe":1,"minecraft:stone_sword":2,"minecraft:torch":368},"minecraft:broken":{"minecraft:stone_sword":1,"minecraft:stone_pickaxe":4},"minecraft:picked_up":{"minecraft:crafting_table":6,"minecraft:lead":2,"minecraft:brewing_stand":2,"minecraft:string":33,"minecraft:raw_copper":36,"minecraft:gold_nugget":6,"minecraft:cobbled_deepslate":24,"minecraft:beef":20,"minecraft:furnace":5,"minecraft:egg":3,"minecraft:raw_iron":228,"minecraft:stick":9,"minecraft:torch":11,"minecraft:acacia_log":2,"epicfight:skillbook":8,"minecraft:diorite":1,"minecraft:arrow":31,"minecraft:rotten_flesh":53,"minecraft:rail":1,"minecraft:cobblestone":163,"minecraft:andesite":1,"minecraft:leather":6,"minecraft:potato":1,"minecraft:tuff":1,"minecraft:oak_log":39,"minecraft:gunpowder":15,"minecraft:lapis_lazuli":133,"minecraft:dirt":33,"minecraft:bone":33,"minecraft:apple":1,"minecraft:wheat_seeds":4,"minecraft:raw_gold":8,"minecraft:iron_ingot":1,"minecraft:oak_planks":62,"minecraft:iron_sword":1,"minecraft:book":114,"wom:agony":1,"minecraft:amethyst_shard":12,"minecraft:blast_furnace":1,"minecraft:white_bed":1,"minecraft:spider_eye":3,"minecraft:diamond":4,"minecraft:granite":5,"minecraft:oak_sapling":19,"minecraft:melon_seeds":3,"minecraft:coal":340,"iceandfire:raw_silver":48},"minecraft:dropped":{"minecraft:bread":1,"minecraft:iron_sword":1,"minecraft:cooked_porkchop":17,"minecraft:cobblestone":1,"minecraft:granite":5,"minecraft:wooden_axe":1,"minecraft:gold_nugget":6,"minecraft:string":2,"minecraft:bone":3,"minecraft:redstone":4,"minecraft:stone_axe":1,"wom:agony":1,"minecraft:stone_sword":1,"minecraft:cobbled_deepslate":9,"minecraft:white_bed":1,"minecraft:poppy":1,"minecraft:gunpowder":10,"minecraft:melon_seeds":3,"minecraft:beef":2,"minecraft:wooden_pickaxe":1},"minecraft:custom":{"minecraft:mob_kills":150,"minecraft:interact_with_crafting_table":24,"minecraft:leave_game":6,"minecraft:time_since_death":102345,"minecraft:climb_one_cm":152,"minecraft:sprint_one_cm":589018,"minecraft:walk_one_cm":1028085,"minecraft:damage_blocked_by_shield":715,"minecraft:drop":40,"minecraft:talked_to_villager":11,"minecraft:play_time":161537,"minecraft:deaths":1,"minecraft:sneak_time":9049,"minecraft:walk_under_water_one_cm":11091,"minecraft:jump":3614,"minecraft:interact_with_blast_furnace":1,"minecraft:walk_on_water_one_cm":33159,"minecraft:total_world_time":161537,"minecraft:interact_with_furnace":47,"minecraft:interact_with_cartography_table":1,"minecraft:sleep_in_bed":2,"minecraft:time_since_rest":80685,"minecraft:damage_taken":3450,"minecraft:damage_dealt":24966,"minecraft:swim_one_cm":3347,"minecraft:fly_one_cm":1077064,"minecraft:open_chest":74,"minecraft:crouch_one_cm":33244,"minecraft:fall_one_cm":85624},"minecraft:used":{"minecraft:stone_sword":133,"minecraft:acacia_log":2,"minecraft:chest":2,"minecraft:shield":24,"minecraft:iron_sword":42,"minecraft:torch":357,"minecraft:dirt":32,"wom:agony":138,"minecraft:wooden_axe":24,"epicfight:iron_greatsword":98,"minecraft:iron_axe":75,"minecraft:bow":29,"minecraft:furnace":7,"minecraft:oak_sapling":19,"minecraft:egg":1,"minecraft:cooked_beef":5,"minecraft:cobbled_deepslate":1,"minecraft:cooked_mutton":29,"epicfight:skillbook":2,"minecraft:stone_pickaxe":563,"minecraft:oak_planks":32,"minecraft:wooden_pickaxe":17,"minecraft:crafting_table":7,"minecraft:blast_furnace":1,"minecraft:white_bed":1,"minecraft:apple":1,"minecraft:iron_pickaxe":322,"minecraft:stone_axe":86,"minecraft:cobblestone":96,"minecraft:cooked_porkchop":14},"minecraft:mined":{"minecraft:tuff":2,"minecraft:oak_sapling":1,"iceandfire:silver_ore":29,"minecraft:deepslate_diamond_ore":4,"minecraft:brewing_stand":2,"minecraft:granite":5,"minecraft:acacia_log":2,"minecraft:grass_block":5,"minecraft:furnace":5,"minecraft:iron_ore":155,"minecraft:andesite":3,"minecraft:deepslate_lapis_ore":15,"minecraft:bookshelf":38,"minecraft:deepslate_iron_ore":77,"minecraft:stone":167,"minecraft:amethyst_cluster":3,"minecraft:crafting_table":6,"minecraft:torch":3,"minecraft:blast_furnace":1,"minecraft:calcite":8,"minecraft:tall_grass":4,"minecraft:copper_ore":12,"minecraft:cobblestone":17,"minecraft:deepslate_gold_ore":4,"minecraft:lapis_ore":7,"minecraft:oak_planks":57,"minecraft:diorite":3,"minecraft:wall_torch":4,"minecraft:amethyst_block":3,"minecraft:grass":39,"minecraft:coal_ore":342,"minecraft:oak_log":38,"minecraft:dirt":2,"minecraft:cobweb":4,"minecraft:smooth_basalt":1,"minecraft:gold_ore":4,"minecraft:oak_leaves":6,"minecraft:deepslate":30},"minecraft:killed":{"minecraft:cave_spider":6,"minecraft:spider":23,"minecraft:skeleton":27,"minecraft:zombie_villager":1,"minecraft:bat":2,"minecraft:creeper":9,"minecraft:trader_llama":2,"minecraft:pillager":2,"minecraft:zombie":63,"minecraft:cow":8}},"DataVersion":3465}