{"stats":{"minecraft:killed_by":{"minecraft:creeper":1},"minecraft:crafted":{"minecraft:oak_planks":220,"minecraft:furnace":2,"minecraft:cooked_mutton":64,"minecraft:bow":1,"minecraft:iron_axe":1,"minecraft:stone_pickaxe":5,"minecraft:chest":2,"minecraft:cooked_beef":13,"minecraft:crafting_table":2,"minecraft:wooden_pickaxe":1,"minecraft:bucket":1,"minecraft:stone_axe":2,"minecraft:air":0,"minecraft:diamond_pickaxe":1,"minecraft:shield":1,"minecraft:stick":164,"minecraft:iron_ingot":92,"minecraft:iron_pickaxe":3,"minecraft:wooden_axe":1,"minecraft:stone_sword":2,"minecraft:torch":368},"minecraft:broken":{"minecraft:stone_sword":1,"minecraft:stone_pickaxe":4},"minecraft:picked_up":{"minecraft:crafting_table":7,"minecraft:lead":2,"minecraft:brewing_stand":2,"minecraft:string":33,"minecraft:raw_copper":38,"minecraft:gold_nugget":6,"minecraft:cobbled_deepslate":25,"minecraft:beef":20,"minecraft:egg":4,"minecraft:furnace":5,"minecraft:stick":17,"minecraft:raw_iron":230,"minecraft:torch":11,"minecraft:acacia_log":2,"epicfight:skillbook":8,"minecraft:diorite":1,"minecraft:arrow":31,"minecraft:rotten_flesh":53,"minecraft:rail":1,"minecraft:cobblestone":175,"minecraft:andesite":1,"minecraft:leather":6,"minecraft:potato":1,"minecraft:tuff":1,"minecraft:oak_log":60,"minecraft:gunpowder":15,"minecraft:lapis_lazuli":133,"minecraft:dirt":35,"minecraft:bone":33,"minecraft:apple":1,"minecraft:wheat_seeds":4,"minecraft:raw_gold":12,"minecraft:iron_ingot":1,"minecraft:oak_planks":62,"minecraft:iron_sword":1,"wom:agony":1,"minecraft:book":114,"minecraft:amethyst_shard":12,"minecraft:blast_furnace":1,"minecraft:white_bed":1,"minecraft:spider_eye":3,"minecraft:diamond":4,"minecraft:granite":5,"minecraft:oak_sapling":30,"minecraft:melon_seeds":3,"minecraft:coal":341,"iceandfire:raw_silver":48},"minecraft:dropped":{"minecraft:bread":1,"minecraft:iron_sword":1,"minecraft:cooked_porkchop":17,"minecraft:cobblestone":1,"minecraft:granite":5,"minecraft:wooden_axe":1,"minecraft:gold_nugget":6,"minecraft:string":2,"minecraft:redstone":4,"minecraft:bone":3,"minecraft:stone_axe":2,"wom:agony":1,"minecraft:stone_sword":1,"minecraft:cobbled_deepslate":9,"minecraft:white_bed":1,"minecraft:poppy":1,"minecraft:gunpowder":10,"minecraft:melon_seeds":3,"minecraft:wooden_pickaxe":1,"minecraft:beef":2,"minecraft:stone_pickaxe":1},"minecraft:custom":{"minecraft:mob_kills":150,"minecraft:interact_with_crafting_table":29,"minecraft:leave_game":7,"minecraft:time_since_death":114267,"minecraft:climb_one_cm":152,"minecraft:sprint_one_cm":607779,"minecraft:walk_one_cm":1061075,"minecraft:damage_blocked_by_shield":715,"minecraft:drop":42,"minecraft:talked_to_villager":11,"minecraft:play_time":173459,"minecraft:deaths":1,"minecraft:sneak_time":9171,"minecraft:walk_under_water_one_cm":19442,"minecraft:jump":3852,"minecraft:interact_with_blast_furnace":7,"minecraft:walk_on_water_one_cm":35234,"minecraft:total_world_time":173459,"minecraft:interact_with_furnace":74,"minecraft:interact_with_cartography_table":1,"minecraft:sleep_in_bed":2,"minecraft:time_since_rest":92607,"minecraft:damage_taken":3470,"minecraft:damage_dealt":24966,"minecraft:swim_one_cm":3347,"minecraft:fly_one_cm":1113277,"minecraft:open_chest":81,"minecraft:crouch_one_cm":33496,"minecraft:fall_one_cm":89781},"minecraft:used":{"minecraft:stone_sword":133,"minecraft:acacia_log":2,"minecraft:chest":2,"minecraft:shield":24,"minecraft:iron_sword":42,"minecraft:torch":357,"minecraft:dirt":34,"wom:agony":138,"minecraft:wooden_axe":24,"epicfight:iron_greatsword":98,"minecraft:iron_axe":75,"minecraft:bow":29,"minecraft:furnace":7,"minecraft:oak_sapling":30,"minecraft:egg":1,"minecraft:cooked_beef":5,"minecraft:cobbled_deepslate":5,"minecraft:cooked_mutton":31,"epicfight:skillbook":2,"minecraft:water_bucket":14,"minecraft:stone_pickaxe":563,"minecraft:oak_planks":32,"minecraft:wooden_pickaxe":17,"minecraft:crafting_table":8,"minecraft:blast_furnace":1,"minecraft:white_bed":1,"minecraft:apple":1,"minecraft:iron_pickaxe":433,"minecraft:stone_axe":113,"minecraft:cobblestone":99,"minecraft:cooked_porkchop":14,"minecraft:bucket":15},"minecraft:mined":{"minecraft:tuff":2,"minecraft:oak_sapling":1,"iceandfire:silver_ore":29,"minecraft:deepslate_diamond_ore":4,"minecraft:brewing_stand":2,"minecraft:granite":5,"minecraft:acacia_log":2,"minecraft:grass_block":10,"minecraft:furnace":5,"minecraft:iron_ore":157,"minecraft:andesite":18,"minecraft:deepslate_lapis_ore":15,"minecraft:bookshelf":38,"minecraft:deepslate_iron_ore":77,"minecraft:stone":254,"minecraft:amethyst_cluster":3,"minecraft:crafting_table":7,"minecraft:torch":3,"minecraft:blast_furnace":1,"minecraft:calcite":8,"minecraft:tall_grass":4,"minecraft:copper_ore":13,"minecraft:cobblestone":17,"minecraft:lapis_ore":7,"minecraft:deepslate_gold_ore":8,"minecraft:oak_planks":57,"minecraft:diorite":3,"minecraft:wall_torch":4,"minecraft:amethyst_block":3,"minecraft:grass":40,"minecraft:oak_log":59,"minecraft:coal_ore":343,"minecraft:dirt":10,"minecraft:cobweb":4,"minecraft:smooth_basalt":1,"minecraft:gold_ore":4,"minecraft:oak_leaves":7,"minecraft:deepslate":31},"minecraft:killed":{"minecraft:cave_spider":6,"minecraft:spider":23,"minecraft:skeleton":27,"minecraft:zombie_villager":1,"minecraft:bat":2,"minecraft:creeper":9,"minecraft:trader_llama":2,"minecraft:pillager":2,"minecraft:zombie":63,"minecraft:cow":8}},"DataVersion":3465}