{"stats":{"minecraft:killed_by":{"minecraft:creeper":1},"minecraft:crafted":{"minecraft:cooked_beef":5,"minecraft:oak_planks":136,"minecraft:crafting_table":2,"minecraft:wooden_pickaxe":1,"minecraft:furnace":1,"minecraft:stone_axe":1,"minecraft:cooked_mutton":64,"minecraft:air":0,"minecraft:bow":1,"minecraft:stick":56,"minecraft:stone_pickaxe":1,"minecraft:wooden_axe":1,"minecraft:stone_sword":1,"minecraft:chest":2,"minecraft:torch":96},"minecraft:picked_up":{"minecraft:crafting_table":3,"minecraft:andesite":1,"minecraft:leather":6,"minecraft:lead":2,"minecraft:potato":1,"minecraft:tuff":1,"minecraft:oak_log":39,"minecraft:brewing_stand":2,"minecraft:gunpowder":9,"minecraft:dirt":33,"minecraft:string":26,"minecraft:raw_copper":28,"minecraft:bone":6,"minecraft:apple":1,"minecraft:wheat_seeds":4,"minecraft:gold_nugget":6,"minecraft:cobbled_deepslate":12,"minecraft:raw_gold":4,"minecraft:beef":20,"minecraft:iron_sword":1,"minecraft:oak_planks":62,"minecraft:egg":3,"minecraft:furnace":5,"minecraft:book":114,"minecraft:stick":9,"minecraft:raw_iron":43,"minecraft:torch":2,"minecraft:acacia_log":2,"epicfight:skillbook":5,"minecraft:blast_furnace":1,"minecraft:diorite":1,"minecraft:white_bed":1,"minecraft:spider_eye":3,"minecraft:arrow":8,"minecraft:rotten_flesh":29,"minecraft:diamond":1,"minecraft:oak_sapling":19,"minecraft:melon_seeds":3,"minecraft:coal":72,"minecraft:rail":1,"iceandfire:raw_silver":10,"minecraft:cobblestone":53},"minecraft:dropped":{"minecraft:iron_sword":1,"minecraft:cooked_porkchop":17,"minecraft:white_bed":1,"minecraft:poppy":1,"minecraft:melon_seeds":3,"minecraft:wooden_axe":1,"minecraft:gold_nugget":6,"minecraft:beef":2,"minecraft:wooden_pickaxe":1,"minecraft:string":2,"minecraft:bone":3},"minecraft:custom":{"minecraft:interact_with_furnace":39,"minecraft:mob_kills":96,"minecraft:interact_with_crafting_table":14,"minecraft:interact_with_cartography_table":1,"minecraft:leave_game":5,"minecraft:time_since_death":30621,"minecraft:sleep_in_bed":2,"minecraft:climb_one_cm":152,"minecraft:time_since_rest":8961,"minecraft:sprint_one_cm":361647,"minecraft:damage_taken":1749,"minecraft:walk_one_cm":520941,"minecraft:damage_blocked_by_shield":220,"minecraft:drop":29,"minecraft:damage_dealt":16100,"minecraft:swim_one_cm":1510,"minecraft:talked_to_villager":11,"minecraft:fly_one_cm":650620,"minecraft:open_chest":71,"minecraft:play_time":89813,"minecraft:crouch_one_cm":15170,"minecraft:deaths":1,"minecraft:sneak_time":3593,"minecraft:walk_under_water_one_cm":1941,"minecraft:jump":1855,"minecraft:interact_with_blast_furnace":1,"minecraft:walk_on_water_one_cm":7710,"minecraft:total_world_time":89813,"minecraft:fall_one_cm":44705},"minecraft:used":{"minecraft:cooked_mutton":4,"epicfight:skillbook":2,"minecraft:stone_sword":74,"minecraft:acacia_log":2,"minecraft:stone_pickaxe":13,"minecraft:oak_planks":32,"minecraft:chest":2,"minecraft:wooden_pickaxe":17,"minecraft:shield":7,"minecraft:iron_sword":42,"minecraft:torch":76,"minecraft:dirt":32,"minecraft:crafting_table":4,"minecraft:blast_furnace":1,"minecraft:white_bed":1,"minecraft:wooden_axe":24,"minecraft:apple":1,"epicfight:iron_greatsword":98,"minecraft:iron_axe":75,"minecraft:iron_pickaxe":198,"minecraft:stone_axe":81,"minecraft:bow":5,"minecraft:cobblestone":31,"minecraft:oak_sapling":19,"minecraft:furnace":6,"minecraft:cooked_porkchop":14,"minecraft:egg":1,"minecraft:cooked_beef":5,"minecraft:cobbled_deepslate":1},"minecraft:mined":{"minecraft:tuff":1,"minecraft:oak_sapling":1,"iceandfire:silver_ore":10,"minecraft:deepslate_diamond_ore":1,"minecraft:brewing_stand":2,"minecraft:crafting_table":3,"minecraft:torch":1,"minecraft:blast_furnace":1,"minecraft:acacia_log":2,"minecraft:grass_block":5,"minecraft:copper_ore":10,"minecraft:tall_grass":4,"minecraft:cobblestone":10,"minecraft:oak_planks":57,"minecraft:diorite":1,"minecraft:wall_torch":1,"minecraft:furnace":5,"minecraft:iron_ore":34,"minecraft:andesite":1,"minecraft:grass":39,"minecraft:bookshelf":38,"minecraft:oak_log":38,"minecraft:coal_ore":73,"minecraft:deepslate_iron_ore":9,"minecraft:dirt":2,"minecraft:cobweb":4,"minecraft:stone":43,"minecraft:gold_ore":4,"minecraft:oak_leaves":6,"minecraft:deepslate":21},"minecraft:killed":{"minecraft:cave_spider":6,"minecraft:spider":15,"minecraft:creeper":6,"minecraft:skeleton":10,"minecraft:trader_llama":2,"minecraft:pillager":2,"minecraft:zombie":42,"minecraft:cow":8}},"DataVersion":3465}