{"stats":{"minecraft:killed_by":{"minecraft:creeper":2,"minecraft:spider":1,"iceandfire:lightning_dragon":3},"minecraft:crafted":{"minecraft:oak_door":3,"minecraft:oak_planks":440,"epicfight:iron_spear":1,"minecraft:furnace":2,"minecraft:cooked_mutton":64,"minecraft:iron_boots":1,"minecraft:bow":1,"minecraft:iron_axe":1,"minecraft:stone_pickaxe":5,"minecraft:chest":4,"minecraft:cooked_beef":18,"minecraft:crafting_table":3,"minecraft:wooden_pickaxe":1,"minecraft:iron_helmet":1,"minecraft:iron_sword":3,"epicfight:iron_longsword":1,"minecraft:bucket":1,"minecraft:stone_axe":2,"minecraft:air":0,"epicfight:iron_tachi":1,"minecraft:iron_chestplate":1,"minecraft:diamond_pickaxe":1,"minecraft:shield":1,"minecraft:stick":184,"minecraft:iron_ingot":187,"minecraft:iron_pickaxe":3,"minecraft:wooden_axe":1,"minecraft:stone_sword":2,"minecraft:iron_shovel":1,"minecraft:iron_leggings":1,"minecraft:torch":440},"minecraft:broken":{"minecraft:stone_sword":1,"minecraft:stone_pickaxe":4},"minecraft:picked_up":{"iceandfire:dragon_skull_lightning":1,"minecraft:iron_chestplate":2,"minecraft:crafting_table":7,"iceandfire:witherbone":1,"iceandfire:copper_sword":1,"minecraft:chicken":3,"aether:iron_gloves":2,"minecraft:lead":2,"iceandfire:armor_copper_metal_chestplate":1,"minecraft:brewing_stand":2,"minecraft:shield":4,"epicfight:iron_tachi":1,"epicfight:iron_longsword":2,"iceandfire:manuscript":6,"minecraft:string":43,"minecraft:raw_copper":38,"minecraft:iron_axe":2,"minecraft:iron_leggings":2,"minecraft:gold_nugget":6,"minecraft:cobbled_deepslate":25,"minecraft:beef":28,"minecraft:poppy":1,"minecraft:iron_pickaxe":10,"minecraft:iron_boots":2,"minecraft:egg":7,"minecraft:furnace":5,"minecraft:stick":264,"minecraft:raw_iron":230,"iceandfire:dragonbone":15,"iceandfire:crackled_dirt":67,"iceandfire:armor_copper_metal_leggings":3,"minecraft:torch":152,"minecraft:acacia_log":2,"epicfight:skillbook":18,"minecraft:porkchop":3,"iceandfire:crackled_gravel":66,"minecraft:diorite":1,"minecraft:carrot":2,"iceandfire:lightning_lily":3,"minecraft:arrow":76,"minecraft:rotten_flesh":114,"minecraft:saddle":2,"minecraft:mutton":5,"minecraft:white_wool":2,"minecraft:rail":1,"minecraft:cobblestone":376,"minecraft:oxeye_daisy":4,"minecraft:feather":4,"minecraft:cooked_beef":52,"minecraft:water_bucket":4,"minecraft:andesite":1,"minecraft:brown_wool":1,"minecraft:leather":11,"minecraft:potato":1,"minecraft:tuff":1,"minecraft:oak_log":131,"minecraft:gunpowder":19,"minecraft:lapis_lazuli":133,"minecraft:dirt":201,"minecraft:cooked_mutton":82,"minecraft:bone":76,"minecraft:apple":1,"iceandfire:pixie_jar_empty":4,"minecraft:bow":4,"minecraft:wheat_seeds":19,"minecraft:raw_gold":12,"minecraft:iron_ingot":105,"minecraft:oak_planks":137,"minecraft:iron_sword":3,"wom:agony":5,"minecraft:book":177,"iceandfire:copper_nugget":282,"epicfight:iron_spear":2,"minecraft:dandelion":3,"minecraft:amethyst_shard":12,"minecraft:blast_furnace":13,"minecraft:white_bed":1,"minecraft:spider_eye":7,"minecraft:diamond":4,"iceandfire:crackled_stone":1,"minecraft:crossbow":1,"minecraft:iron_helmet":2,"minecraft:granite":5,"minecraft:emerald":32,"minecraft:oak_sapling":81,"minecraft:melon_seeds":3,"minecraft:coal":473,"iceandfire:raw_silver":48,"minecraft:ender_pearl":2},"minecraft:dropped":{"minecraft:bread":1,"minecraft:iron_sword":2,"minecraft:cooked_porkchop":17,"iceandfire:armor_copper_metal_chestplate":1,"minecraft:cobblestone":1,"minecraft:granite":5,"minecraft:emerald":10,"iceandfire:crackled_dirt":1,"minecraft:wooden_axe":1,"minecraft:gold_nugget":6,"minecraft:string":2,"minecraft:redstone":4,"minecraft:bone":3,"epicfight:iron_spear":1,"minecraft:stone_axe":2,"wom:agony":1,"minecraft:stone_sword":1,"minecraft:cobbled_deepslate":9,"minecraft:rotten_flesh":18,"minecraft:white_bed":1,"iceandfire:crackled_gravel":1,"minecraft:poppy":1,"minecraft:gunpowder":11,"iceandfire:copper_sword":2,"aether:iron_gloves":1,"minecraft:melon_seeds":3,"minecraft:spider_eye":2,"minecraft:wooden_pickaxe":1,"minecraft:beef":3,"minecraft:stone_pickaxe":1,"iceandfire:crackled_stone":1,"iceandfire:armor_copper_metal_leggings":1,"iceandfire:dragon_skull_lightning":1},"minecraft:custom":{"minecraft:mob_kills":236,"minecraft:interact_with_crafting_table":44,"minecraft:open_barrel":2,"minecraft:bell_ring":1,"minecraft:leave_game":7,"minecraft:time_since_death":35848,"minecraft:climb_one_cm":152,"minecraft:sprint_one_cm":977814,"minecraft:walk_one_cm":1643524,"minecraft:damage_blocked_by_shield":770,"minecraft:drop":61,"minecraft:talked_to_villager":13,"minecraft:raid_win":1,"minecraft:play_time":281459,"minecraft:deaths":6,"minecraft:sneak_time":9672,"minecraft:walk_under_water_one_cm":22148,"minecraft:jump":6017,"minecraft:interact_with_blast_furnace":8,"minecraft:walk_on_water_one_cm":39234,"minecraft:total_world_time":281459,"minecraft:interact_with_furnace":83,"minecraft:interact_with_cartography_table":1,"minecraft:raid_trigger":1,"minecraft:sleep_in_bed":3,"minecraft:time_since_rest":26344,"minecraft:damage_taken":6979,"minecraft:damage_dealt":41593,"minecraft:swim_one_cm":11317,"minecraft:fly_one_cm":1920415,"minecraft:open_chest":197,"minecraft:crouch_one_cm":35814,"minecraft:fall_one_cm":147536},"minecraft:used":{"minecraft:stone_sword":133,"minecraft:iron_shovel":153,"minecraft:acacia_log":2,"minecraft:chest":4,"minecraft:shield":26,"minecraft:iron_sword":42,"minecraft:oak_door":1,"minecraft:torch":381,"minecraft:dirt":82,"wom:agony":331,"minecraft:wooden_axe":24,"epicfight:iron_greatsword":98,"minecraft:iron_axe":191,"minecraft:bow":45,"minecraft:furnace":7,"minecraft:oak_sapling":81,"minecraft:egg":2,"minecraft:cooked_beef":7,"minecraft:cobbled_deepslate":5,"minecraft:cooked_mutton":64,"epicfight:skillbook":27,"minecraft:water_bucket":19,"epicfight:iron_spear":5,"minecraft:stone_pickaxe":563,"minecraft:oak_planks":202,"minecraft:wooden_pickaxe":17,"epicfight:iron_longsword":110,"minecraft:crafting_table":9,"minecraft:blast_furnace":1,"minecraft:crossbow":1,"minecraft:white_bed":1,"epicfight:iron_tachi":7,"minecraft:apple":1,"minecraft:iron_pickaxe":518,"minecraft:stone_axe":113,"minecraft:cobblestone":121,"minecraft:cooked_porkchop":14,"minecraft:bucket":20},"minecraft:mined":{"minecraft:tuff":2,"minecraft:oak_sapling":2,"iceandfire:silver_ore":29,"minecraft:deepslate_diamond_ore":4,"iceandfire:copper_pile":5,"minecraft:brewing_stand":2,"iceandfire:crackled_gravel":110,"minecraft:granite":5,"minecraft:acacia_log":2,"minecraft:grass_block":10,"iceandfire:crackled_cobblestone":1,"minecraft:furnace":5,"minecraft:iron_ore":157,"minecraft:andesite":18,"minecraft:deepslate_lapis_ore":15,"iceandfire:crackled_dirt":106,"minecraft:bookshelf":45,"minecraft:deepslate_iron_ore":77,"minecraft:stone":254,"minecraft:amethyst_cluster":3,"minecraft:crafting_table":7,"minecraft:torch":12,"minecraft:blast_furnace":5,"minecraft:calcite":8,"minecraft:tall_grass":19,"minecraft:copper_ore":13,"minecraft:cobblestone":17,"minecraft:lapis_ore":7,"minecraft:deepslate_gold_ore":8,"minecraft:oak_planks":70,"minecraft:diorite":3,"minecraft:wall_torch":10,"minecraft:amethyst_block":3,"iceandfire:crackled_stone":55,"minecraft:grass":76,"minecraft:oak_log":130,"minecraft:coal_ore":343,"minecraft:dirt":23,"minecraft:cobweb":4,"minecraft:smooth_basalt":1,"minecraft:gold_ore":4,"minecraft:oak_leaves":26,"minecraft:deepslate":31},"minecraft:killed":{"minecraft:cave_spider":6,"minecraft:spider":34,"minecraft:skeleton":40,"minecraft:chicken":1,"minecraft:pig":1,"minecraft:zombie_villager":1,"minecraft:bat":2,"minecraft:ravager":1,"minecraft:creeper":12,"iceandfire:cockatrice":1,"minecraft:sheep":3,"minecraft:trader_llama":2,"minecraft:pillager":14,"minecraft:zombie":95,"minecraft:enderman":2,"minecraft:cow":11}},"DataVersion":3465}