{"stats":{"minecraft:killed_by":{"minecraft:creeper":4,"minecraft:spider":2,"iceandfire:lightning_dragon":3},"minecraft:crafted":{"minecraft:oak_door":3,"minecraft:oak_planks":472,"epicfight:iron_spear":1,"minecraft:furnace":2,"minecraft:stone":4,"minecraft:flint_and_steel":1,"minecraft:cooked_mutton":64,"minecraft:iron_boots":2,"minecraft:bow":1,"minecraft:iron_axe":3,"minecraft:stone_pickaxe":5,"epicfight:iron_greatsword":1,"minecraft:chest":6,"minecraft:oak_fence":3,"minecraft:smoker":1,"minecraft:cooked_beef":18,"minecraft:crafting_table":4,"minecraft:wooden_pickaxe":1,"minecraft:iron_helmet":2,"minecraft:iron_sword":4,"epicfight:iron_longsword":2,"minecraft:bucket":1,"minecraft:stone_axe":2,"minecraft:air":0,"epicfight:iron_tachi":1,"minecraft:iron_chestplate":2,"minecraft:diamond_pickaxe":1,"minecraft:shield":1,"minecraft:stick":184,"minecraft:iron_ingot":241,"minecraft:iron_pickaxe":5,"minecraft:wooden_axe":1,"minecraft:iron_block":16,"minecraft:stone_sword":2,"minecraft:iron_shovel":2,"minecraft:iron_leggings":2,"minecraft:torch":440,"minecraft:lapis_block":15},"minecraft:broken":{"minecraft:stone_sword":1,"minecraft:iron_boots":1,"minecraft:stone_pickaxe":4,"minecraft:iron_axe":1,"minecraft:iron_pickaxe":2,"minecraft:iron_helmet":1},"minecraft:picked_up":{"iceandfire:dragon_skull_lightning":1,"minecraft:iron_chestplate":5,"minecraft:crafting_table":8,"iceandfire:witherbone":1,"iceandfire:copper_sword":1,"minecraft:chicken":3,"minecraft:creeper_head":1,"aether:iron_gloves":2,"minecraft:lead":3,"iceandfire:armor_copper_metal_chestplate":1,"minecraft:brewing_stand":2,"minecraft:shield":7,"epicfight:iron_tachi":2,"epicfight:iron_longsword":6,"iceandfire:dragonbone_pickaxe":3,"iceandfire:manuscript":6,"minecraft:string":57,"minecraft:raw_copper":53,"minecraft:iron_axe":5,"minecraft:iron_leggings":5,"minecraft:iron_shovel":5,"minecraft:gold_nugget":6,"minecraft:cobbled_deepslate":280,"minecraft:beef":32,"minecraft:poppy":1,"minecraft:iron_pickaxe":16,"minecraft:iron_boots":4,"minecraft:egg":8,"minecraft:furnace":10,"minecraft:stick":473,"minecraft:raw_iron":230,"iceandfire:dragonbone":15,"iceandfire:crackled_dirt":67,"iceandfire:armor_copper_metal_leggings":3,"minecraft:torch":352,"minecraft:acacia_log":2,"epicfight:skillbook":18,"minecraft:porkchop":3,"iceandfire:crackled_gravel":66,"minecraft:diorite":7,"minecraft:carrot":2,"iceandfire:lightning_lily":3,"minecraft:arrow":110,"minecraft:rotten_flesh":138,"minecraft:saddle":2,"minecraft:obsidian":16,"minecraft:mutton":9,"minecraft:white_wool":5,"minecraft:rail":1,"minecraft:cobblestone":739,"minecraft:oxeye_daisy":4,"minecraft:feather":6,"minecraft:cooked_beef":60,"minecraft:water_bucket":7,"minecraft:andesite":1,"minecraft:brown_wool":1,"minecraft:leather":13,"minecraft:potato":1,"minecraft:flint":1,"minecraft:tuff":1,"minecraft:oak_log":368,"minecraft:gunpowder":29,"minecraft:lapis_lazuli":133,"minecraft:dirt":376,"minecraft:cooked_mutton":82,"minecraft:bone":95,"minecraft:apple":12,"minecraft:stone_bricks":6,"iceandfire:pixie_jar_empty":4,"minecraft:kelp":166,"minecraft:bow":9,"minecraft:wheat_seeds":34,"minecraft:cooked_chicken":12,"minecraft:raw_gold":12,"minecraft:iron_ingot":141,"minecraft:oak_planks":262,"minecraft:iron_sword":3,"wom:agony":6,"minecraft:book":177,"iceandfire:copper_nugget":282,"epicfight:iron_spear":2,"minecraft:dandelion":3,"minecraft:gravel":28,"minecraft:amethyst_shard":12,"minecraft:blast_furnace":15,"minecraft:white_bed":1,"minecraft:grass_block":2,"iceandfire:dragonbone_sword_lightning":5,"minecraft:spider_eye":8,"minecraft:stone_axe":1,"minecraft:diamond":4,"iceandfire:crackled_stone":1,"minecraft:crossbow":1,"minecraft:iron_helmet":3,"minecraft:granite":5,"minecraft:bread":22,"minecraft:emerald":32,"minecraft:oak_sapling":217,"minecraft:melon_seeds":3,"minecraft:coal":697,"iceandfire:raw_silver":48,"minecraft:ender_pearl":5},"minecraft:dropped":{"minecraft:bread":1,"minecraft:iron_sword":2,"minecraft:cooked_porkchop":17,"iceandfire:armor_copper_metal_chestplate":1,"minecraft:cobblestone":1,"minecraft:apple":6,"minecraft:leather":2,"minecraft:granite":5,"minecraft:saddle":1,"epicfight:iron_longsword":2,"minecraft:emerald":10,"iceandfire:crackled_dirt":1,"minecraft:mutton":4,"minecraft:wooden_axe":1,"minecraft:gold_nugget":6,"minecraft:iron_pickaxe":1,"minecraft:iron_shovel":1,"minecraft:string":4,"minecraft:white_wool":3,"minecraft:redstone":4,"minecraft:bone":3,"epicfight:iron_spear":1,"minecraft:stone_axe":2,"wom:agony":1,"minecraft:stone_sword":1,"minecraft:cobbled_deepslate":9,"minecraft:rotten_flesh":18,"minecraft:white_bed":1,"iceandfire:crackled_gravel":1,"minecraft:poppy":1,"minecraft:gunpowder":13,"iceandfire:copper_sword":2,"aether:iron_gloves":1,"minecraft:melon_seeds":3,"minecraft:spider_eye":2,"iceandfire:dragonbone_sword_lightning":1,"minecraft:wooden_pickaxe":1,"minecraft:beef":7,"minecraft:stone_pickaxe":1,"iceandfire:crackled_stone":1,"iceandfire:armor_copper_metal_leggings":1,"iceandfire:dragon_skull_lightning":1},"minecraft:custom":{"minecraft:mob_kills":308,"minecraft:interact_with_crafting_table":70,"minecraft:open_barrel":2,"minecraft:bell_ring":1,"minecraft:leave_game":7,"minecraft:time_since_death":35104,"minecraft:climb_one_cm":152,"minecraft:sprint_one_cm":1397080,"minecraft:walk_one_cm":2202479,"minecraft:damage_blocked_by_shield":795,"minecraft:drop":87,"minecraft:talked_to_villager":13,"minecraft:raid_win":1,"minecraft:play_time":401459,"minecraft:deaths":9,"minecraft:sneak_time":13346,"minecraft:walk_under_water_one_cm":40613,"minecraft:jump":8509,"minecraft:interact_with_blast_furnace":10,"minecraft:walk_on_water_one_cm":84108,"minecraft:total_world_time":401459,"minecraft:interact_with_furnace":100,"minecraft:interact_with_cartography_table":1,"minecraft:raid_trigger":1,"minecraft:sleep_in_bed":3,"minecraft:time_since_rest":35133,"minecraft:damage_taken":10168,"minecraft:damage_dealt":53369,"minecraft:swim_one_cm":84050,"minecraft:fly_one_cm":2775502,"minecraft:open_chest":325,"minecraft:crouch_one_cm":40601,"minecraft:interact_with_smoker":1,"minecraft:fall_one_cm":224408,"minecraft:horse_one_cm":217616},"minecraft:used":{"minecraft:oak_fence":2,"minecraft:flint_and_steel":1,"minecraft:stone_sword":133,"minecraft:iron_shovel":250,"minecraft:acacia_log":2,"minecraft:chest":6,"minecraft:shield":27,"minecraft:iron_sword":42,"minecraft:cooked_chicken":4,"minecraft:oak_door":1,"minecraft:torch":412,"minecraft:dirt":93,"minecraft:obsidian":10,"wom:agony":331,"minecraft:wooden_axe":24,"epicfight:iron_greatsword":116,"minecraft:iron_axe":486,"minecraft:stone_bricks":1,"minecraft:bow":62,"minecraft:furnace":7,"minecraft:oak_sapling":81,"minecraft:egg":2,"iceandfire:dragonbone_pickaxe":27,"minecraft:cooked_beef":18,"minecraft:cobbled_deepslate":105,"minecraft:cooked_mutton":64,"epicfight:skillbook":28,"minecraft:water_bucket":33,"epicfight:iron_spear":5,"minecraft:stone_pickaxe":563,"minecraft:oak_planks":202,"minecraft:ender_pearl":1,"minecraft:wooden_pickaxe":17,"epicfight:iron_longsword":207,"minecraft:crafting_table":10,"iceandfire:dragonbone_sword_lightning":46,"minecraft:blast_furnace":3,"minecraft:crossbow":1,"minecraft:white_bed":1,"minecraft:smoker":1,"epicfight:iron_tachi":10,"minecraft:oak_log":1,"minecraft:apple":1,"minecraft:bread":34,"minecraft:iron_pickaxe":1043,"minecraft:gravel":15,"minecraft:stone_axe":113,"minecraft:cobblestone":238,"minecraft:cooked_porkchop":14,"minecraft:bucket":33},"minecraft:mined":{"minecraft:tuff":2,"minecraft:oak_sapling":2,"iceandfire:silver_ore":29,"minecraft:deepslate_diamond_ore":4,"iceandfire:copper_pile":5,"minecraft:obsidian":17,"minecraft:brewing_stand":2,"iceandfire:crackled_gravel":110,"minecraft:granite":5,"minecraft:acacia_log":2,"minecraft:grass_block":22,"minecraft:kelp":7,"iceandfire:crackled_cobblestone":1,"minecraft:tall_seagrass":12,"minecraft:furnace":10,"minecraft:cobbled_deepslate":2,"minecraft:iron_ore":157,"minecraft:fire":8,"minecraft:andesite":18,"minecraft:deepslate_lapis_ore":15,"iceandfire:crackled_dirt":106,"minecraft:bookshelf":45,"minecraft:deepslate_iron_ore":77,"minecraft:stone":479,"minecraft:kelp_plant":38,"minecraft:amethyst_cluster":3,"minecraft:crafting_table":8,"minecraft:torch":13,"minecraft:blast_furnace":7,"minecraft:calcite":8,"minecraft:tall_grass":19,"minecraft:copper_ore":17,"minecraft:cobblestone":37,"minecraft:lapis_ore":7,"minecraft:deepslate_gold_ore":8,"minecraft:oak_planks":70,"minecraft:diorite":9,"minecraft:wall_torch":25,"minecraft:amethyst_block":3,"minecraft:seagrass":1,"iceandfire:crackled_stone":55,"minecraft:grass":85,"minecraft:oak_log":367,"minecraft:coal_ore":349,"minecraft:gravel":32,"minecraft:dirt":50,"minecraft:cobweb":4,"minecraft:smooth_basalt":1,"minecraft:stone_bricks":8,"minecraft:gold_ore":4,"minecraft:oak_leaves":44,"minecraft:deepslate":284},"minecraft:killed":{"minecraft:cave_spider":6,"minecraft:witch":1,"minecraft:spider":38,"minecraft:phantom":2,"minecraft:skeleton":53,"minecraft:chicken":1,"minecraft:pig":1,"minecraft:zombie_villager":1,"minecraft:bat":2,"minecraft:ravager":1,"minecraft:creeper":17,"iceandfire:cockatrice":2,"minecraft:sheep":8,"minecraft:trader_llama":2,"minecraft:pillager":14,"minecraft:zombie":108,"minecraft:enderman":6,"minecraft:cow":14}},"DataVersion":3465}