{"stats":{"minecraft:killed":{"minecraft:pig":9,"minecraft:spider":9,"minecraft:creeper":1,"minecraft:sheep":3,"minecraft:skeleton":10,"minecraft:zombie":15,"minecraft:chicken":9,"minecraft:cow":7},"minecraft:broken":{"minecraft:stone_sword":1,"minecraft:stone_axe":1},"minecraft:dropped":{"minecraft:wheat_seeds":9,"minecraft:crafting_table":1,"tombstone:gift":1,"minecraft:rotten_flesh":3,"minecraft:dirt":8,"minecraft:wooden_sword":2,"minecraft:spider_eye":2,"minecraft:wooden_pickaxe":1,"minecraft:string":8},"minecraft:picked_up":{"minecraft:crafting_table":5,"minecraft:feather":9,"minecraft:cooked_beef":1,"minecraft:chicken":9,"minecraft:andesite":2,"minecraft:jungle_log":43,"minecraft:leather":7,"minecraft:enchanted_book":1,"minecraft:oak_log":55,"minecraft:dirt":24,"minecraft:string":8,"tombstone:gift":2,"minecraft:raw_copper":17,"minecraft:wooden_sword":2,"minecraft:bone":13,"minecraft:apple":2,"minecraft:wheat_seeds":13,"minecraft:beef":12,"minecraft:jungle_sapling":3,"minecraft:sugar_cane":41,"minecraft:oak_planks":11,"minecraft:egg":5,"minecraft:furnace":4,"minecraft:stick":16,"epicfight:skillbook":6,"minecraft:porkchop":18,"minecraft:jungle_planks":33,"tombstone:grave_dust":4,"minecraft:spider_eye":2,"minecraft:arrow":14,"minecraft:rotten_flesh":19,"tombstone:magic_scroll":2,"minecraft:oak_sapling":17,"minecraft:mutton":4,"minecraft:coal":45,"minecraft:white_wool":4,"minecraft:cobblestone":82},"minecraft:used":{"minecraft:cooked_mutton":4,"epicfight:skillbook":11,"minecraft:stone_sword":281,"minecraft:oak_planks":92,"minecraft:stone_pickaxe":96,"minecraft:ladder":3,"minecraft:chest":2,"minecraft:wooden_pickaxe":27,"minecraft:cooked_chicken":4,"minecraft:oak_door":1,"minecraft:torch":2,"minecraft:dirt":16,"minecraft:crafting_table":5,"minecraft:jungle_planks":8,"minecraft:white_bed":1,"minecraft:apple":1,"minecraft:jungle_log":20,"tombstone:magic_scroll":2,"minecraft:wooden_sword":11,"minecraft:stone_axe":137,"minecraft:cobblestone":9,"minecraft:furnace":7,"minecraft:oak_sapling":17,"tombstone:gift":2,"minecraft:cooked_beef":10},"minecraft:custom":{"minecraft:interact_with_furnace":24,"minecraft:mob_kills":64,"minecraft:interact_with_crafting_table":16,"minecraft:leave_game":1,"minecraft:time_since_death":60522,"minecraft:sleep_in_bed":1,"minecraft:climb_one_cm":2110,"minecraft:time_since_rest":9536,"minecraft:sprint_one_cm":193404,"minecraft:damage_taken":1265,"minecraft:walk_one_cm":382339,"minecraft:drop":15,"minecraft:damage_dealt":9244,"minecraft:damage_dealt_absorbed":63,"minecraft:swim_one_cm":13348,"minecraft:fly_one_cm":408866,"minecraft:open_chest":21,"minecraft:play_time":60522,"minecraft:crouch_one_cm":15557,"tombstone:undead_killed":25,"minecraft:sneak_time":3410,"minecraft:walk_under_water_one_cm":1197,"minecraft:jump":1209,"minecraft:walk_on_water_one_cm":2362,"minecraft:total_world_time":60522,"minecraft:fall_one_cm":28163},"minecraft:mined":{"minecraft:crafting_table":5,"minecraft:grass_block":8,"minecraft:jungle_planks":1,"minecraft:jungle_log":43,"minecraft:tall_grass":23,"minecraft:copper_ore":5,"minecraft:cobblestone":9,"minecraft:sugar_cane":17,"minecraft:oak_planks":11,"minecraft:furnace":4,"minecraft:andesite":2,"minecraft:grass":96,"minecraft:oak_log":53,"minecraft:coal_ore":28,"minecraft:vine":6,"minecraft:dirt":9,"minecraft:stone":73,"minecraft:fern":2},"minecraft:crafted":{"minecraft:cooked_beef":11,"minecraft:wooden_sword":1,"minecraft:oak_door":3,"minecraft:oak_planks":156,"minecraft:cooked_porkchop":18,"minecraft:crafting_table":1,"minecraft:wooden_pickaxe":1,"minecraft:cooked_chicken":4,"minecraft:furnace":3,"minecraft:stone_axe":2,"minecraft:cooked_mutton":4,"minecraft:air":0,"minecraft:jungle_planks":24,"minecraft:ladder":3,"minecraft:stick":40,"minecraft:stone_pickaxe":3,"minecraft:stone_sword":2,"minecraft:chest":2,"minecraft:white_bed":1,"minecraft:torch":24}},"DataVersion":3465}