{"stats":{"minecraft:used":{"minecraft:wooden_axe":62,"minecraft:crafting_table":1,"minecraft:acacia_sapling":8,"minecraft:wooden_pickaxe":2},"minecraft:crafted":{"minecraft:acacia_planks":28,"minecraft:crafting_table":1,"minecraft:stick":20,"minecraft:wooden_pickaxe":1,"minecraft:wooden_axe":1},"minecraft:picked_up":{"minecraft:stick":13,"minecraft:crafting_table":1,"minecraft:apple":2,"minecraft:wheat_seeds":2,"minecraft:acacia_log":39,"minecraft:porkchop":8,"minecraft:oak_log":6,"minecraft:oak_sapling":1,"minecraft:acacia_sapling":9},"minecraft:mined":{"minecraft:oak_log":6,"minecraft:grass":7,"minecraft:acacia_log":40,"minecraft:crafting_table":1},"minecraft:custom":{"minecraft:time_since_rest":4749,"minecraft:sprint_one_cm":30608,"minecraft:play_time":4749,"tombstone:undead_killed":1,"minecraft:damage_taken":25,"minecraft:walk_one_cm":26872,"minecraft:mob_kills":4,"minecraft:jump":128,"minecraft:damage_dealt":690,"minecraft:leave_game":1,"minecraft:time_since_death":4749,"minecraft:total_world_time":4749,"minecraft:fall_one_cm":2508,"minecraft:interact_with_crafting_table":1,"minecraft:fly_one_cm":63608},"minecraft:killed":{"minecraft:zombie":1,"minecraft:pig":3},"minecraft:broken":{"minecraft:wooden_axe":1}},"DataVersion":3465}