{"stats":{"minecraft:killed":{"minecraft:pig":9,"minecraft:spider":13,"minecraft:creeper":1,"minecraft:sheep":3,"minecraft:skeleton":14,"minecraft:zombie":18,"minecraft:chicken":10,"minecraft:cow":7},"minecraft:broken":{"minecraft:stone_pickaxe":1,"minecraft:stone_sword":1,"minecraft:stone_axe":1},"minecraft:dropped":{"minecraft:wheat_seeds":9,"minecraft:stone_sword":1,"minecraft:crafting_table":1,"tombstone:gift":1,"minecraft:rotten_flesh":3,"minecraft:dirt":8,"minecraft:wooden_sword":2,"minecraft:spider_eye":2,"minecraft:wooden_pickaxe":1,"minecraft:string":8},"minecraft:picked_up":{"minecraft:crafting_table":5,"minecraft:feather":9,"minecraft:cooked_beef":1,"minecraft:chicken":10,"minecraft:andesite":2,"minecraft:jungle_log":43,"minecraft:leather":7,"minecraft:enchanted_book":1,"minecraft:oak_log":55,"minecraft:dirt":24,"minecraft:string":10,"tombstone:gift":2,"minecraft:raw_copper":17,"minecraft:wooden_sword":2,"minecraft:bone":16,"minecraft:apple":2,"minecraft:wheat_seeds":14,"minecraft:beef":12,"minecraft:jungle_sapling":3,"minecraft:sugar_cane":41,"minecraft:oak_planks":11,"minecraft:egg":5,"minecraft:furnace":4,"minecraft:raw_iron":30,"minecraft:stick":16,"minecraft:gravel":1,"epicfight:skillbook":7,"minecraft:porkchop":18,"minecraft:jungle_planks":33,"tombstone:grave_dust":6,"minecraft:spider_eye":4,"minecraft:stone_sword":1,"minecraft:bundle":2,"minecraft:arrow":18,"minecraft:rotten_flesh":23,"tombstone:magic_scroll":2,"minecraft:oak_sapling":17,"iceandfire:raw_silver":6,"minecraft:mutton":4,"minecraft:coal":135,"minecraft:white_wool":4,"minecraft:cobblestone":104},"minecraft:used":{"minecraft:cooked_mutton":4,"epicfight:skillbook":14,"minecraft:stone_sword":348,"minecraft:oak_planks":92,"minecraft:stone_pickaxe":250,"minecraft:ladder":3,"minecraft:shield":17,"minecraft:chest":2,"minecraft:wooden_pickaxe":27,"minecraft:cooked_chicken":4,"minecraft:oak_door":1,"minecraft:torch":23,"minecraft:dirt":16,"minecraft:crafting_table":5,"minecraft:jungle_planks":8,"minecraft:white_bed":1,"minecraft:apple":1,"minecraft:jungle_log":20,"tombstone:magic_scroll":2,"minecraft:wooden_sword":11,"minecraft:stone_axe":137,"minecraft:cobblestone":9,"minecraft:furnace":7,"minecraft:oak_sapling":17,"minecraft:cooked_porkchop":2,"minecraft:bucket":1,"tombstone:gift":2,"minecraft:cooked_beef":12},"minecraft:custom":{"minecraft:interact_with_furnace":43,"minecraft:mob_kills":78,"minecraft:interact_with_crafting_table":24,"minecraft:leave_game":2,"minecraft:time_since_death":86552,"minecraft:sleep_in_bed":1,"minecraft:climb_one_cm":2710,"minecraft:time_since_rest":35566,"minecraft:sprint_one_cm":243339,"minecraft:damage_taken":1565,"minecraft:walk_one_cm":515515,"minecraft:damage_blocked_by_shield":485,"minecraft:drop":16,"minecraft:damage_dealt":11216,"minecraft:damage_dealt_absorbed":63,"minecraft:swim_one_cm":13348,"minecraft:fly_one_cm":493838,"minecraft:open_chest":34,"minecraft:play_time":86552,"minecraft:crouch_one_cm":17651,"tombstone:undead_killed":32,"minecraft:sneak_time":4218,"minecraft:walk_under_water_one_cm":1956,"minecraft:jump":1602,"minecraft:walk_on_water_one_cm":6879,"minecraft:total_world_time":86552,"minecraft:fall_one_cm":35259},"minecraft:mined":{"iceandfire:silver_ore":6,"minecraft:crafting_table":5,"minecraft:grass_block":8,"minecraft:jungle_planks":1,"minecraft:jungle_log":43,"minecraft:tall_grass":28,"minecraft:copper_ore":5,"minecraft:cobblestone":9,"minecraft:sugar_cane":17,"minecraft:oak_planks":11,"minecraft:furnace":4,"minecraft:iron_ore":30,"minecraft:andesite":3,"minecraft:grass":108,"minecraft:oak_log":53,"minecraft:coal_ore":118,"minecraft:vine":6,"minecraft:gravel":1,"minecraft:dirt":9,"minecraft:stone":96,"minecraft:fern":2},"minecraft:crafted":{"minecraft:cooked_beef":11,"minecraft:wooden_sword":1,"minecraft:oak_door":3,"minecraft:oak_planks":172,"minecraft:cooked_porkchop":18,"minecraft:crafting_table":1,"minecraft:iron_helmet":1,"minecraft:wooden_pickaxe":1,"minecraft:cooked_chicken":4,"minecraft:furnace":3,"minecraft:bucket":1,"minecraft:stone_axe":2,"minecraft:cooked_mutton":4,"minecraft:air":0,"minecraft:jungle_planks":24,"minecraft:iron_boots":1,"minecraft:iron_chestplate":1,"minecraft:shield":1,"minecraft:ladder":3,"minecraft:stick":64,"minecraft:iron_leggings":1,"minecraft:iron_ingot":30,"minecraft:stone_pickaxe":4,"minecraft:stone_sword":3,"minecraft:chest":2,"minecraft:white_bed":1,"minecraft:torch":72}},"DataVersion":3465}