{"stats":{"minecraft:used":{"minecraft:dirt":16},"minecraft:crafted":{"minecraft:oak_planks":4,"minecraft:crafting_table":1},"minecraft:picked_up":{"minecraft:wheat_seeds":3,"minecraft:oak_log":1,"minecraft:sugar_cane":10,"minecraft:dirt":16},"minecraft:dropped":{"minecraft:wheat_seeds":3},"minecraft:mined":{"minecraft:grass":3,"minecraft:grass_block":2,"minecraft:dirt":7,"minecraft:sugar_cane":4},"minecraft:custom":{"minecraft:time_since_rest":10826,"minecraft:play_time":10826,"minecraft:sprint_one_cm":33275,"minecraft:walk_one_cm":55251,"minecraft:sneak_time":20,"minecraft:walk_under_water_one_cm":376,"minecraft:drop":3,"minecraft:jump":237,"minecraft:damage_dealt":12,"minecraft:time_since_death":10826,"minecraft:walk_on_water_one_cm":565,"minecraft:total_world_time":10826,"minecraft:swim_one_cm":7306,"minecraft:fall_one_cm":7015,"minecraft:fly_one_cm":77854}},"DataVersion":3465}