{"stats":{"minecraft:killed":{"minecraft:pig":9,"minecraft:spider":9,"minecraft:sheep":3,"minecraft:skeleton":4,"minecraft:zombie":13,"minecraft:chicken":9,"minecraft:cow":7},"minecraft:broken":{"minecraft:stone_axe":1,"minecraft:stone_sword":1},"minecraft:dropped":{"minecraft:wheat_seeds":9,"minecraft:crafting_table":1,"tombstone:gift":1,"minecraft:rotten_flesh":3,"minecraft:dirt":8,"minecraft:spider_eye":2,"minecraft:wooden_sword":2,"minecraft:wooden_pickaxe":1,"minecraft:string":8},"minecraft:picked_up":{"minecraft:crafting_table":5,"minecraft:feather":9,"minecraft:cooked_beef":1,"minecraft:chicken":9,"minecraft:jungle_log":43,"minecraft:andesite":2,"minecraft:leather":7,"minecraft:enchanted_book":1,"minecraft:oak_log":55,"minecraft:dirt":24,"minecraft:string":8,"minecraft:raw_copper":17,"tombstone:gift":2,"minecraft:wooden_sword":2,"minecraft:bone":6,"minecraft:apple":2,"minecraft:wheat_seeds":11,"minecraft:beef":12,"minecraft:jungle_sapling":3,"minecraft:sugar_cane":41,"minecraft:oak_planks":9,"minecraft:egg":5,"minecraft:furnace":2,"minecraft:stick":16,"epicfight:skillbook":5,"minecraft:porkchop":18,"minecraft:jungle_planks":33,"tombstone:grave_dust":4,"minecraft:spider_eye":2,"minecraft:arrow":6,"minecraft:rotten_flesh":17,"tombstone:magic_scroll":2,"minecraft:oak_sapling":17,"minecraft:mutton":4,"minecraft:coal":21,"minecraft:white_wool":4,"minecraft:cobblestone":75},"minecraft:used":{"minecraft:cooked_mutton":4,"epicfight:skillbook":4,"minecraft:stone_sword":218,"minecraft:stone_pickaxe":79,"minecraft:oak_planks":76,"minecraft:chest":1,"minecraft:wooden_pickaxe":27,"minecraft:cooked_chicken":4,"minecraft:dirt":16,"minecraft:crafting_table":5,"minecraft:jungle_planks":8,"minecraft:apple":1,"minecraft:jungle_log":20,"tombstone:magic_scroll":2,"minecraft:stone_axe":135,"minecraft:wooden_sword":11,"minecraft:cobblestone":9,"minecraft:oak_sapling":17,"minecraft:furnace":5,"tombstone:gift":2,"minecraft:cooked_beef":4},"minecraft:custom":{"minecraft:interact_with_furnace":21,"minecraft:mob_kills":55,"minecraft:interact_with_crafting_table":10,"minecraft:time_since_death":48734,"minecraft:climb_one_cm":794,"minecraft:time_since_rest":48734,"minecraft:sprint_one_cm":161069,"minecraft:damage_taken":900,"minecraft:walk_one_cm":309252,"minecraft:drop":15,"minecraft:damage_dealt":7139,"minecraft:damage_dealt_absorbed":63,"minecraft:swim_one_cm":13348,"minecraft:fly_one_cm":352189,"minecraft:open_chest":4,"minecraft:crouch_one_cm":13748,"minecraft:play_time":48734,"tombstone:undead_killed":17,"minecraft:sneak_time":3078,"minecraft:walk_under_water_one_cm":1197,"minecraft:jump":1009,"minecraft:walk_on_water_one_cm":2362,"minecraft:total_world_time":48734,"minecraft:fall_one_cm":21722},"minecraft:mined":{"minecraft:crafting_table":5,"minecraft:grass_block":8,"minecraft:jungle_planks":1,"minecraft:jungle_log":43,"minecraft:copper_ore":5,"minecraft:tall_grass":19,"minecraft:cobblestone":9,"minecraft:oak_planks":9,"minecraft:sugar_cane":17,"minecraft:furnace":2,"minecraft:andesite":2,"minecraft:grass":89,"minecraft:coal_ore":21,"minecraft:oak_log":53,"minecraft:vine":6,"minecraft:dirt":9,"minecraft:stone":66,"minecraft:fern":2},"minecraft:crafted":{"minecraft:cooked_beef":3,"minecraft:wooden_sword":1,"minecraft:oak_planks":136,"minecraft:crafting_table":1,"minecraft:wooden_pickaxe":1,"minecraft:cooked_chicken":4,"minecraft:furnace":3,"minecraft:stone_axe":2,"minecraft:cooked_mutton":4,"minecraft:air":0,"minecraft:jungle_planks":24,"minecraft:stick":16,"minecraft:stone_pickaxe":3,"minecraft:stone_sword":2,"minecraft:chest":1}},"DataVersion":3465}