{"stats":{"minecraft:killed":{"minecraft:pig":1,"minecraft:spider":8,"minecraft:sheep":3,"minecraft:skeleton":3,"minecraft:zombie":13,"minecraft:chicken":8,"minecraft:cow":5},"minecraft:broken":{"minecraft:stone_sword":1},"minecraft:dropped":{"minecraft:wheat_seeds":3,"minecraft:crafting_table":1,"minecraft:rotten_flesh":3,"minecraft:dirt":8,"minecraft:spider_eye":2,"minecraft:wooden_sword":2,"minecraft:wooden_pickaxe":1},"minecraft:picked_up":{"minecraft:crafting_table":5,"minecraft:feather":7,"minecraft:cooked_beef":1,"minecraft:chicken":8,"minecraft:jungle_log":39,"minecraft:andesite":2,"minecraft:leather":4,"minecraft:oak_log":12,"minecraft:dirt":24,"minecraft:string":7,"tombstone:gift":1,"minecraft:wooden_sword":2,"minecraft:bone":4,"minecraft:apple":1,"minecraft:wheat_seeds":8,"minecraft:beef":10,"minecraft:jungle_sapling":3,"minecraft:sugar_cane":19,"minecraft:oak_planks":1,"minecraft:egg":5,"minecraft:furnace":2,"minecraft:stick":11,"epicfight:skillbook":4,"minecraft:porkchop":1,"minecraft:jungle_planks":33,"tombstone:grave_dust":4,"minecraft:spider_eye":2,"minecraft:arrow":4,"minecraft:rotten_flesh":15,"tombstone:magic_scroll":2,"minecraft:oak_sapling":7,"minecraft:mutton":4,"minecraft:white_wool":4,"minecraft:cobblestone":63},"minecraft:used":{"minecraft:cooked_mutton":4,"minecraft:stone_sword":191,"minecraft:stone_pickaxe":41,"minecraft:oak_planks":6,"minecraft:wooden_pickaxe":27,"minecraft:cooked_chicken":4,"minecraft:dirt":16,"minecraft:crafting_table":4,"minecraft:jungle_planks":8,"tombstone:magic_scroll":2,"minecraft:stone_axe":69,"minecraft:wooden_sword":11,"minecraft:furnace":3,"minecraft:cooked_beef":3},"minecraft:custom":{"minecraft:interact_with_furnace":17,"minecraft:mob_kills":41,"minecraft:interact_with_crafting_table":7,"minecraft:time_since_death":36734,"minecraft:climb_one_cm":794,"minecraft:time_since_rest":36734,"minecraft:sprint_one_cm":108967,"minecraft:damage_taken":730,"minecraft:walk_one_cm":222935,"minecraft:drop":12,"minecraft:damage_dealt":5727,"minecraft:damage_dealt_absorbed":45,"minecraft:swim_one_cm":7306,"minecraft:fly_one_cm":245194,"minecraft:crouch_one_cm":12500,"minecraft:play_time":36734,"tombstone:undead_killed":16,"minecraft:sneak_time":2350,"minecraft:walk_under_water_one_cm":376,"minecraft:jump":712,"minecraft:walk_on_water_one_cm":1229,"minecraft:total_world_time":36734,"minecraft:fall_one_cm":13883},"minecraft:mined":{"minecraft:crafting_table":5,"minecraft:grass_block":8,"minecraft:jungle_planks":1,"minecraft:jungle_log":39,"minecraft:tall_grass":19,"minecraft:oak_planks":1,"minecraft:sugar_cane":8,"minecraft:furnace":2,"minecraft:andesite":2,"minecraft:grass":48,"minecraft:oak_log":10,"minecraft:vine":6,"minecraft:dirt":9,"minecraft:stone":63,"minecraft:fern":2},"minecraft:crafted":{"minecraft:cooked_beef":3,"minecraft:wooden_sword":1,"minecraft:oak_planks":48,"minecraft:crafting_table":1,"minecraft:wooden_pickaxe":1,"minecraft:cooked_chicken":4,"minecraft:furnace":1,"minecraft:stone_axe":1,"minecraft:cooked_mutton":4,"minecraft:air":0,"minecraft:jungle_planks":24,"minecraft:stick":16,"minecraft:stone_pickaxe":1,"minecraft:stone_sword":2}},"DataVersion":3465}