{"stats":{"minecraft:picked_up":{"minecraft:stick":14,"minecraft:feather":1,"minecraft:chicken":1,"minecraft:cooked_porkchop":1,"minecraft:oak_log":69,"minecraft:dirt":18,"minecraft:bone":3,"minecraft:arrow":4,"minecraft:rotten_flesh":6,"minecraft:apple":7,"minecraft:wheat_seeds":1,"minecraft:oak_sapling":24,"minecraft:egg":2},"minecraft:dropped":{"minecraft:cooked_porkchop":1},"minecraft:custom":{"minecraft:time_since_rest":17578,"minecraft:interact_with_furnace":6,"minecraft:sprint_one_cm":174769,"minecraft:damage_taken":208,"minecraft:walk_one_cm":181587,"minecraft:mob_kills":9,"minecraft:drop":1,"minecraft:damage_dealt":1630,"minecraft:swim_one_cm":4232,"minecraft:talked_to_villager":1,"minecraft:fly_one_cm":176616,"minecraft:open_barrel":3,"minecraft:open_chest":11,"minecraft:crouch_one_cm":324,"minecraft:play_time":31557,"minecraft:sneak_time":128,"minecraft:walk_under_water_one_cm":3801,"minecraft:jump":581,"minecraft:interact_with_blast_furnace":1,"minecraft:leave_game":2,"minecraft:walk_on_water_one_cm":6705,"minecraft:time_since_death":31557,"minecraft:sleep_in_bed":1,"minecraft:total_world_time":31557,"minecraft:fall_one_cm":12408},"minecraft:used":{"epicfight:iron_greatsword":19,"minecraft:iron_axe":89,"minecraft:cooked_porkchop":6},"minecraft:mined":{"minecraft:grass":10,"minecraft:grass_block":25,"minecraft:oak_log":70,"minecraft:dirt":4,"minecraft:oak_leaves":6},"minecraft:killed":{"minecraft:skeleton":2,"minecraft:zombie":5,"minecraft:chicken":1,"minecraft:villager":1}},"DataVersion":3465}