{"stats":{"minecraft:crafted":{"minecraft:oak_planks":12,"iceandfire:silver_nugget":117,"iceandfire:silver_ingot":28,"minecraft:iron_nugget":441,"minecraft:crafting_table":1,"minecraft:furnace":2,"minecraft:stone":568,"minecraft:oak_wood":3,"minecraft:air":0,"minecraft:lantern":32,"minecraft:stone_brick_stairs":168,"minecraft:stone_brick_slab":144,"minecraft:iron_ingot":56,"minecraft:stone_pickaxe":8,"minecraft:chest":1,"minecraft:iron_shovel":5,"minecraft:torch":40,"minecraft:stone_bricks":564},"minecraft:broken":{"minecraft:stone_pickaxe":8,"minecraft:iron_shovel":1,"minecraft:iron_pickaxe":1},"minecraft:picked_up":{"minecraft:crafting_table":1,"minecraft:iron_chestplate":1,"minecraft:feather":2,"minecraft:chicken":1,"minecraft:water_bucket":1,"minecraft:potato":64,"minecraft:stone_brick_stairs":16,"minecraft:oak_log":95,"minecraft:dirt":276,"minecraft:string":4,"minecraft:lantern":26,"minecraft:iron_axe":1,"minecraft:iron_leggings":1,"minecraft:bone":3,"minecraft:apple":73,"minecraft:stone_bricks":42,"epicfight:iron_greatsword":1,"minecraft:wheat_seeds":12,"minecraft:iron_nugget":3,"minecraft:tall_grass":6,"minecraft:iron_pickaxe":2,"minecraft:chest":1,"minecraft:egg":2,"minecraft:acacia_sapling":15,"minecraft:phantom_membrane":2,"minecraft:iron_boots":1,"minecraft:stick":28,"minecraft:cooked_porkchop":35,"minecraft:stone_brick_slab":21,"minecraft:torch":19,"minecraft:acacia_log":48,"minecraft:sand":448,"minecraft:spider_eye":1,"iceandfire:dragonbone_sword_lightning":3,"minecraft:orange_bed":2,"minecraft:oak_wood":1,"iceandfire:silver_ingot":4,"minecraft:arrow":9,"minecraft:rotten_flesh":18,"minecraft:iron_helmet":1,"minecraft:iron_block":11,"minecraft:saddle":1,"minecraft:oak_sapling":81,"minecraft:coal":20,"minecraft:cobblestone":1180},"minecraft:dropped":{"minecraft:wheat_seeds":11,"minecraft:cooked_porkchop":4,"minecraft:tall_grass":4,"minecraft:feather":2,"minecraft:acacia_sapling":2,"minecraft:oak_sapling":72,"iceandfire:dragonbone_sword_lightning":1},"minecraft:custom":{"minecraft:interact_with_furnace":124,"minecraft:mob_kills":30,"minecraft:interact_with_crafting_table":84,"minecraft:open_barrel":3,"minecraft:leave_game":13,"minecraft:time_since_death":33570,"minecraft:sleep_in_bed":3,"minecraft:time_since_rest":33659,"minecraft:sprint_one_cm":957392,"minecraft:damage_taken":2428,"minecraft:walk_one_cm":1143071,"minecraft:drop":16,"minecraft:damage_dealt":5419,"minecraft:damage_dealt_absorbed":38,"minecraft:swim_one_cm":22982,"minecraft:talked_to_villager":1,"minecraft:fly_one_cm":610944,"minecraft:open_chest":39,"minecraft:crouch_one_cm":46208,"minecraft:play_time":258742,"minecraft:deaths":1,"minecraft:sneak_time":10284,"minecraft:walk_under_water_one_cm":4624,"minecraft:jump":2380,"minecraft:interact_with_blast_furnace":4,"minecraft:walk_on_water_one_cm":21205,"minecraft:total_world_time":258742,"minecraft:interact_with_smoker":4,"minecraft:fall_one_cm":71285,"minecraft:horse_one_cm":54601},"minecraft:used":{"minecraft:iron_shovel":451,"minecraft:stone_pickaxe":1049,"minecraft:chest":2,"minecraft:orange_bed":2,"minecraft:torch":17,"minecraft:dirt":173,"minecraft:crafting_table":2,"iceandfire:dragonbone_sword_lightning":12,"minecraft:stone_brick_slab":158,"epicfight:iron_greatsword":81,"minecraft:lantern":40,"minecraft:iron_axe":185,"minecraft:iron_pickaxe":290,"minecraft:stone_brick_stairs":179,"minecraft:stone_bricks":255,"minecraft:cobblestone":600,"minecraft:furnace":2,"minecraft:cooked_porkchop":38},"minecraft:mined":{"minecraft:acacia_leaves":1,"minecraft:stone_brick_slab":13,"minecraft:crafting_table":1,"minecraft:acacia_log":50,"minecraft:grass_block":102,"minecraft:chest":1,"minecraft:tall_grass":4,"minecraft:cobblestone":575,"minecraft:wall_torch":6,"minecraft:fire":1,"minecraft:stone_brick_stairs":15,"minecraft:grass":17,"minecraft:oak_log":97,"minecraft:coal_ore":20,"minecraft:lantern":8,"minecraft:sand":449,"minecraft:dirt":143,"minecraft:stone":654,"minecraft:stone_bricks":37,"minecraft:oak_leaves":6,"minecraft:orange_bed":2},"minecraft:killed":{"minecraft:spider":4,"minecraft:phantom":2,"minecraft:skeleton":3,"minecraft:zombie":17,"minecraft:chicken":1,"minecraft:villager":1}},"DataVersion":3465}