{"stats":{"minecraft:crafted":{"minecraft:oak_planks":12,"iceandfire:silver_nugget":81,"iceandfire:silver_ingot":28,"minecraft:iron_nugget":423,"minecraft:crafting_table":1,"minecraft:furnace":2,"minecraft:stone":319,"minecraft:oak_wood":3,"minecraft:air":0,"minecraft:lantern":30,"minecraft:stone_brick_stairs":12,"minecraft:stone_brick_slab":144,"minecraft:iron_ingot":47,"minecraft:stone_pickaxe":7,"minecraft:chest":1,"minecraft:torch":40,"minecraft:stone_bricks":320},"minecraft:broken":{"minecraft:stone_pickaxe":6},"minecraft:picked_up":{"minecraft:crafting_table":1,"minecraft:feather":2,"minecraft:chicken":1,"minecraft:stone_brick_stairs":6,"minecraft:oak_log":95,"minecraft:dirt":183,"minecraft:string":2,"minecraft:bone":3,"minecraft:apple":9,"minecraft:stone_bricks":1,"minecraft:wheat_seeds":12,"minecraft:tall_grass":6,"minecraft:chest":1,"minecraft:acacia_sapling":15,"minecraft:egg":2,"minecraft:stick":27,"minecraft:cooked_porkchop":4,"minecraft:stone_brick_slab":7,"minecraft:torch":13,"minecraft:acacia_log":48,"iceandfire:dragonbone_sword_lightning":1,"minecraft:orange_bed":2,"minecraft:arrow":4,"minecraft:rotten_flesh":12,"minecraft:oak_sapling":81,"minecraft:coal":20,"minecraft:cobblestone":930},"minecraft:dropped":{"minecraft:wheat_seeds":11,"minecraft:cooked_porkchop":4,"minecraft:tall_grass":4,"minecraft:feather":2,"minecraft:oak_sapling":72,"minecraft:acacia_sapling":2},"minecraft:custom":{"minecraft:interact_with_furnace":88,"minecraft:mob_kills":19,"minecraft:interact_with_crafting_table":65,"minecraft:open_barrel":3,"minecraft:leave_game":9,"minecraft:time_since_death":182207,"minecraft:sleep_in_bed":3,"minecraft:time_since_rest":60183,"minecraft:sprint_one_cm":691247,"minecraft:damage_taken":1244,"minecraft:walk_one_cm":739068,"minecraft:drop":15,"minecraft:damage_dealt":3606,"minecraft:swim_one_cm":18554,"minecraft:talked_to_villager":1,"minecraft:fly_one_cm":494598,"minecraft:open_chest":24,"minecraft:crouch_one_cm":12716,"minecraft:play_time":182207,"minecraft:sneak_time":3156,"minecraft:walk_under_water_one_cm":4331,"minecraft:jump":1802,"minecraft:interact_with_blast_furnace":1,"minecraft:walk_on_water_one_cm":10879,"minecraft:total_world_time":182207,"minecraft:fall_one_cm":49082},"minecraft:used":{"minecraft:stone_pickaxe":850,"minecraft:chest":2,"minecraft:orange_bed":2,"minecraft:torch":17,"minecraft:dirt":120,"minecraft:crafting_table":2,"minecraft:stone_brick_slab":145,"epicfight:iron_greatsword":65,"minecraft:lantern":4,"minecraft:iron_axe":184,"minecraft:iron_pickaxe":153,"minecraft:stone_brick_stairs":18,"minecraft:stone_bricks":218,"minecraft:cobblestone":600,"minecraft:furnace":2,"minecraft:cooked_porkchop":24},"minecraft:mined":{"minecraft:acacia_leaves":1,"minecraft:stone_brick_slab":6,"minecraft:crafting_table":1,"minecraft:acacia_log":50,"minecraft:grass_block":99,"minecraft:chest":1,"minecraft:tall_grass":3,"minecraft:cobblestone":415,"minecraft:wall_torch":6,"minecraft:stone_brick_stairs":6,"minecraft:grass":16,"minecraft:oak_log":97,"minecraft:coal_ore":20,"minecraft:dirt":101,"minecraft:stone":544,"minecraft:stone_bricks":1,"minecraft:oak_leaves":6,"minecraft:orange_bed":2},"minecraft:killed":{"minecraft:spider":2,"minecraft:skeleton":2,"minecraft:zombie":11,"minecraft:chicken":1,"minecraft:villager":1}},"DataVersion":3465}