{"stats":{"minecraft:crafted":{"minecraft:oak_planks":4,"minecraft:crafting_table":1,"minecraft:stone_pickaxe":4,"minecraft:oak_wood":3},"minecraft:broken":{"minecraft:stone_pickaxe":4},"minecraft:picked_up":{"minecraft:stick":14,"minecraft:feather":2,"minecraft:chicken":1,"minecraft:cooked_porkchop":1,"minecraft:oak_log":69,"minecraft:dirt":160,"minecraft:arrow":4,"minecraft:bone":3,"minecraft:rotten_flesh":8,"minecraft:apple":7,"minecraft:wheat_seeds":3,"minecraft:oak_sapling":24,"minecraft:coal":20,"minecraft:cobblestone":553,"minecraft:egg":2},"minecraft:dropped":{"minecraft:wheat_seeds":3,"minecraft:cooked_porkchop":1,"minecraft:feather":2},"minecraft:custom":{"minecraft:time_since_rest":51836,"minecraft:interact_with_furnace":6,"minecraft:sprint_one_cm":287124,"minecraft:damage_taken":470,"minecraft:walk_one_cm":329127,"minecraft:mob_kills":16,"minecraft:drop":4,"minecraft:damage_dealt":2937,"minecraft:interact_with_crafting_table":4,"minecraft:swim_one_cm":4232,"minecraft:talked_to_villager":1,"minecraft:fly_one_cm":228137,"minecraft:open_barrel":3,"minecraft:open_chest":11,"minecraft:crouch_one_cm":1893,"minecraft:play_time":65815,"minecraft:sneak_time":546,"minecraft:walk_under_water_one_cm":3801,"minecraft:jump":897,"minecraft:interact_with_blast_furnace":1,"minecraft:leave_game":4,"minecraft:walk_on_water_one_cm":6705,"minecraft:time_since_death":65815,"minecraft:sleep_in_bed":1,"minecraft:total_world_time":65815,"minecraft:fall_one_cm":19064},"minecraft:used":{"epicfight:iron_greatsword":48,"minecraft:iron_axe":89,"minecraft:stone_pickaxe":524,"minecraft:iron_pickaxe":58,"minecraft:dirt":96,"minecraft:cobblestone":199,"minecraft:crafting_table":1,"minecraft:cooked_porkchop":10},"minecraft:mined":{"minecraft:grass":14,"minecraft:coal_ore":20,"minecraft:grass_block":98,"minecraft:oak_log":70,"minecraft:dirt":94,"minecraft:cobblestone":8,"minecraft:stone":544,"minecraft:oak_leaves":6},"minecraft:killed":{"minecraft:skeleton":2,"minecraft:zombie":10,"minecraft:chicken":1,"minecraft:spider":1,"minecraft:villager":1}},"DataVersion":3465}