{"stats":{"minecraft:custom":{"minecraft:jump":110,"minecraft:open_chest":3,"minecraft:time_since_rest":7776,"minecraft:damage_dealt":195,"minecraft:sprint_one_cm":23848,"minecraft:play_time":7776,"minecraft:damage_taken":50,"minecraft:time_since_death":7776,"minecraft:walk_one_cm":31272,"minecraft:sneak_time":52,"minecraft:total_world_time":7776,"minecraft:mob_kills":1,"minecraft:fall_one_cm":3907,"minecraft:fly_one_cm":30172},"minecraft:used":{"epicfight:iron_greatsword":4},"minecraft:mined":{"minecraft:grass":3},"minecraft:killed":{"minecraft:villager":1}},"DataVersion":3465}