{"stats":{"minecraft:crafted":{"minecraft:oak_planks":4,"minecraft:crafting_table":1,"minecraft:stone_pickaxe":4,"minecraft:furnace":2,"minecraft:oak_wood":3,"minecraft:torch":12},"minecraft:broken":{"minecraft:stone_pickaxe":4},"minecraft:picked_up":{"minecraft:crafting_table":1,"minecraft:stick":14,"minecraft:feather":2,"minecraft:chicken":1,"minecraft:cooked_porkchop":1,"minecraft:torch":2,"minecraft:oak_log":69,"minecraft:dirt":160,"minecraft:string":2,"minecraft:bone":3,"minecraft:arrow":4,"minecraft:rotten_flesh":8,"minecraft:apple":7,"minecraft:wheat_seeds":3,"minecraft:oak_sapling":24,"minecraft:coal":20,"minecraft:cobblestone":599,"minecraft:egg":2},"minecraft:dropped":{"minecraft:wheat_seeds":3,"minecraft:cooked_porkchop":1,"minecraft:feather":2},"minecraft:custom":{"minecraft:time_since_rest":86481,"minecraft:interact_with_furnace":6,"minecraft:sprint_one_cm":389852,"minecraft:damage_taken":894,"minecraft:walk_one_cm":445496,"minecraft:mob_kills":17,"minecraft:drop":4,"minecraft:damage_dealt":3076,"minecraft:interact_with_crafting_table":8,"minecraft:swim_one_cm":4232,"minecraft:talked_to_villager":1,"minecraft:fly_one_cm":249476,"minecraft:open_barrel":3,"minecraft:open_chest":11,"minecraft:play_time":100460,"minecraft:crouch_one_cm":12716,"minecraft:sneak_time":3116,"minecraft:walk_under_water_one_cm":3801,"minecraft:jump":1084,"minecraft:interact_with_blast_furnace":1,"minecraft:leave_game":8,"minecraft:time_since_death":100460,"minecraft:walk_on_water_one_cm":6705,"minecraft:sleep_in_bed":1,"minecraft:total_world_time":100460,"minecraft:fall_one_cm":28316},"minecraft:used":{"epicfight:iron_greatsword":54,"minecraft:iron_axe":90,"minecraft:stone_pickaxe":524,"minecraft:iron_pickaxe":118,"minecraft:torch":10,"minecraft:dirt":112,"minecraft:cobblestone":594,"minecraft:crafting_table":2,"minecraft:furnace":2,"minecraft:cooked_porkchop":16},"minecraft:mined":{"minecraft:crafting_table":1,"minecraft:grass":14,"minecraft:grass_block":98,"minecraft:oak_log":70,"minecraft:coal_ore":20,"minecraft:dirt":94,"minecraft:cobblestone":68,"minecraft:stone":544,"minecraft:oak_leaves":6,"minecraft:wall_torch":2},"minecraft:killed":{"minecraft:skeleton":2,"minecraft:zombie":10,"minecraft:chicken":1,"minecraft:spider":2,"minecraft:villager":1}},"DataVersion":3465}