{"stats":{"minecraft:crafted":{"minecraft:oak_planks":4,"minecraft:crafting_table":1,"minecraft:stone_pickaxe":4,"minecraft:oak_wood":3},"minecraft:broken":{"minecraft:stone_pickaxe":3},"minecraft:picked_up":{"minecraft:stick":14,"minecraft:feather":1,"minecraft:chicken":1,"minecraft:cooked_porkchop":1,"minecraft:oak_log":69,"minecraft:dirt":107,"minecraft:arrow":4,"minecraft:bone":3,"minecraft:rotten_flesh":6,"minecraft:apple":7,"minecraft:wheat_seeds":3,"minecraft:oak_sapling":24,"minecraft:coal":13,"minecraft:cobblestone":365,"minecraft:egg":2},"minecraft:dropped":{"minecraft:cooked_porkchop":1},"minecraft:custom":{"minecraft:time_since_rest":39836,"minecraft:interact_with_furnace":6,"minecraft:sprint_one_cm":249534,"minecraft:damage_taken":397,"minecraft:walk_one_cm":273852,"minecraft:mob_kills":13,"minecraft:drop":1,"minecraft:damage_dealt":2375,"minecraft:interact_with_crafting_table":2,"minecraft:swim_one_cm":4232,"minecraft:talked_to_villager":1,"minecraft:fly_one_cm":222109,"minecraft:open_barrel":3,"minecraft:open_chest":11,"minecraft:crouch_one_cm":1893,"minecraft:play_time":53815,"minecraft:sneak_time":546,"minecraft:walk_under_water_one_cm":3801,"minecraft:jump":786,"minecraft:interact_with_blast_furnace":1,"minecraft:leave_game":4,"minecraft:walk_on_water_one_cm":6705,"minecraft:time_since_death":53815,"minecraft:sleep_in_bed":1,"minecraft:total_world_time":53815,"minecraft:fall_one_cm":15711},"minecraft:used":{"epicfight:iron_greatsword":32,"minecraft:iron_axe":89,"minecraft:stone_pickaxe":405,"minecraft:iron_pickaxe":14,"minecraft:dirt":96,"minecraft:cobblestone":32,"minecraft:crafting_table":1,"minecraft:cooked_porkchop":9},"minecraft:mined":{"minecraft:grass":14,"minecraft:coal_ore":13,"minecraft:grass_block":97,"minecraft:oak_log":70,"minecraft:dirt":22,"minecraft:stone":396,"minecraft:oak_leaves":6},"minecraft:killed":{"minecraft:skeleton":2,"minecraft:zombie":8,"minecraft:chicken":1,"minecraft:villager":1}},"DataVersion":3465}