{"stats":{"minecraft:crafted":{"minecraft:oak_planks":12,"iceandfire:silver_nugget":81,"iceandfire:silver_ingot":28,"minecraft:iron_nugget":423,"minecraft:crafting_table":1,"minecraft:furnace":2,"minecraft:stone":568,"minecraft:oak_wood":3,"minecraft:air":0,"minecraft:lantern":30,"minecraft:stone_brick_stairs":168,"minecraft:stone_brick_slab":144,"minecraft:iron_ingot":47,"minecraft:stone_pickaxe":8,"minecraft:chest":1,"minecraft:torch":40,"minecraft:stone_bricks":564},"minecraft:broken":{"minecraft:stone_pickaxe":8,"minecraft:iron_pickaxe":1},"minecraft:picked_up":{"minecraft:iron_chestplate":1,"minecraft:crafting_table":1,"minecraft:feather":2,"minecraft:chicken":1,"minecraft:water_bucket":1,"minecraft:potato":64,"minecraft:stone_brick_stairs":15,"minecraft:oak_log":95,"minecraft:dirt":272,"minecraft:string":2,"minecraft:lantern":18,"minecraft:iron_axe":1,"minecraft:iron_leggings":1,"minecraft:bone":3,"minecraft:apple":73,"minecraft:stone_bricks":12,"epicfight:iron_greatsword":1,"minecraft:wheat_seeds":12,"minecraft:iron_nugget":3,"minecraft:tall_grass":6,"minecraft:iron_pickaxe":1,"minecraft:chest":1,"minecraft:acacia_sapling":15,"minecraft:phantom_membrane":2,"minecraft:iron_boots":1,"minecraft:egg":2,"minecraft:stick":28,"minecraft:cooked_porkchop":35,"minecraft:stone_brick_slab":19,"minecraft:torch":19,"minecraft:acacia_log":48,"iceandfire:dragonbone_sword_lightning":3,"minecraft:orange_bed":2,"minecraft:oak_wood":1,"iceandfire:silver_ingot":4,"minecraft:arrow":9,"minecraft:rotten_flesh":16,"minecraft:iron_helmet":1,"minecraft:iron_block":11,"minecraft:saddle":1,"minecraft:oak_sapling":81,"minecraft:coal":20,"minecraft:cobblestone":1180},"minecraft:dropped":{"minecraft:wheat_seeds":11,"minecraft:cooked_porkchop":4,"minecraft:tall_grass":4,"minecraft:feather":2,"minecraft:oak_sapling":72,"minecraft:acacia_sapling":2,"iceandfire:dragonbone_sword_lightning":1},"minecraft:custom":{"minecraft:interact_with_furnace":124,"minecraft:mob_kills":25,"minecraft:interact_with_crafting_table":78,"minecraft:open_barrel":3,"minecraft:leave_game":12,"minecraft:time_since_death":10407,"minecraft:sleep_in_bed":3,"minecraft:time_since_rest":10496,"minecraft:sprint_one_cm":888887,"minecraft:damage_taken":2231,"minecraft:walk_one_cm":943912,"minecraft:drop":16,"minecraft:damage_dealt":4397,"minecraft:damage_dealt_absorbed":38,"minecraft:swim_one_cm":22982,"minecraft:talked_to_villager":1,"minecraft:fly_one_cm":565850,"minecraft:open_chest":34,"minecraft:crouch_one_cm":44106,"minecraft:play_time":235579,"minecraft:deaths":1,"minecraft:sneak_time":9786,"minecraft:walk_under_water_one_cm":4624,"minecraft:jump":2201,"minecraft:interact_with_blast_furnace":4,"minecraft:walk_on_water_one_cm":21205,"minecraft:interact_with_smoker":4,"minecraft:total_world_time":235579,"minecraft:fall_one_cm":67105,"minecraft:horse_one_cm":54601},"minecraft:used":{"minecraft:stone_pickaxe":1049,"minecraft:chest":2,"minecraft:orange_bed":2,"minecraft:torch":17,"minecraft:dirt":168,"minecraft:crafting_table":2,"iceandfire:dragonbone_sword_lightning":12,"minecraft:stone_brick_slab":152,"epicfight:iron_greatsword":65,"minecraft:lantern":24,"minecraft:iron_axe":185,"minecraft:iron_pickaxe":250,"minecraft:stone_brick_stairs":170,"minecraft:stone_bricks":253,"minecraft:cobblestone":600,"minecraft:furnace":2,"minecraft:cooked_porkchop":35},"minecraft:mined":{"minecraft:acacia_leaves":1,"minecraft:stone_brick_slab":11,"minecraft:crafting_table":1,"minecraft:acacia_log":50,"minecraft:grass_block":99,"minecraft:chest":1,"minecraft:tall_grass":3,"minecraft:cobblestone":575,"minecraft:wall_torch":6,"minecraft:fire":1,"minecraft:stone_brick_stairs":14,"minecraft:grass":16,"minecraft:oak_log":97,"minecraft:coal_ore":20,"minecraft:dirt":142,"minecraft:stone":654,"minecraft:stone_bricks":8,"minecraft:oak_leaves":6,"minecraft:orange_bed":2},"minecraft:killed":{"minecraft:spider":3,"minecraft:phantom":2,"minecraft:skeleton":3,"minecraft:zombie":13,"minecraft:chicken":1,"minecraft:villager":1}},"DataVersion":3465}