{"stats":{"minecraft:crafted":{"minecraft:oak_planks":4,"minecraft:crafting_table":1,"minecraft:stone_pickaxe":5,"minecraft:furnace":2,"minecraft:stone":11,"minecraft:oak_wood":3,"minecraft:torch":12,"minecraft:stone_bricks":8},"minecraft:broken":{"minecraft:stone_pickaxe":4},"minecraft:picked_up":{"minecraft:crafting_table":1,"minecraft:stick":14,"minecraft:feather":2,"minecraft:chicken":1,"minecraft:cooked_porkchop":4,"minecraft:torch":3,"minecraft:oak_log":69,"minecraft:dirt":160,"minecraft:string":2,"minecraft:orange_bed":2,"minecraft:bone":3,"minecraft:arrow":4,"minecraft:rotten_flesh":8,"minecraft:apple":7,"minecraft:wheat_seeds":11,"minecraft:tall_grass":6,"minecraft:oak_sapling":72,"minecraft:chest":1,"minecraft:acacia_sapling":4,"minecraft:coal":20,"minecraft:cobblestone":658,"minecraft:egg":2},"minecraft:dropped":{"minecraft:wheat_seeds":11,"minecraft:cooked_porkchop":4,"minecraft:acacia_sapling":2,"minecraft:tall_grass":4,"minecraft:oak_sapling":72,"minecraft:feather":2},"minecraft:custom":{"minecraft:time_since_rest":98389,"minecraft:interact_with_furnace":15,"minecraft:sprint_one_cm":474243,"minecraft:damage_taken":964,"minecraft:walk_one_cm":482992,"minecraft:mob_kills":17,"minecraft:drop":15,"minecraft:damage_dealt":3241,"minecraft:interact_with_crafting_table":14,"minecraft:swim_one_cm":18554,"minecraft:talked_to_villager":1,"minecraft:fly_one_cm":425152,"minecraft:open_barrel":3,"minecraft:open_chest":12,"minecraft:play_time":112368,"minecraft:crouch_one_cm":12716,"minecraft:sneak_time":3116,"minecraft:walk_under_water_one_cm":4331,"minecraft:jump":1433,"minecraft:interact_with_blast_furnace":1,"minecraft:leave_game":8,"minecraft:time_since_death":112368,"minecraft:walk_on_water_one_cm":10879,"minecraft:sleep_in_bed":1,"minecraft:total_world_time":112368,"minecraft:fall_one_cm":37554},"minecraft:used":{"epicfight:iron_greatsword":57,"minecraft:iron_axe":90,"minecraft:stone_pickaxe":562,"minecraft:iron_pickaxe":147,"minecraft:torch":10,"minecraft:dirt":112,"minecraft:cobblestone":594,"minecraft:crafting_table":2,"minecraft:furnace":2,"minecraft:cooked_porkchop":18},"minecraft:mined":{"minecraft:crafting_table":1,"minecraft:chest":1,"minecraft:grass":14,"minecraft:grass_block":98,"minecraft:oak_log":70,"minecraft:coal_ore":20,"minecraft:dirt":94,"minecraft:cobblestone":135,"minecraft:stone":544,"minecraft:oak_leaves":6,"minecraft:wall_torch":2,"minecraft:orange_bed":2},"minecraft:killed":{"minecraft:skeleton":2,"minecraft:zombie":10,"minecraft:chicken":1,"minecraft:spider":2,"minecraft:villager":1}},"DataVersion":3465}