{"stats":{"minecraft:crafted":{"minecraft:oak_planks":12,"minecraft:crafting_table":1,"minecraft:furnace":2,"minecraft:stone":114,"minecraft:oak_wood":3,"minecraft:air":0,"minecraft:stone_brick_stairs":12,"minecraft:stone_pickaxe":7,"minecraft:chest":1,"minecraft:torch":12,"minecraft:stone_bricks":112},"minecraft:broken":{"minecraft:stone_pickaxe":5},"minecraft:picked_up":{"minecraft:crafting_table":1,"minecraft:feather":2,"minecraft:chicken":1,"minecraft:stone_brick_stairs":4,"minecraft:oak_log":95,"minecraft:string":2,"minecraft:dirt":175,"minecraft:bone":3,"minecraft:apple":9,"minecraft:stone_bricks":1,"minecraft:wheat_seeds":12,"minecraft:tall_grass":6,"minecraft:chest":1,"minecraft:acacia_sapling":15,"minecraft:egg":2,"minecraft:stick":27,"minecraft:cooked_porkchop":4,"minecraft:torch":6,"minecraft:acacia_log":48,"minecraft:orange_bed":2,"minecraft:arrow":4,"minecraft:rotten_flesh":10,"minecraft:oak_sapling":81,"minecraft:coal":20,"minecraft:cobblestone":784},"minecraft:dropped":{"minecraft:wheat_seeds":11,"minecraft:cooked_porkchop":4,"minecraft:tall_grass":4,"minecraft:feather":2,"minecraft:oak_sapling":72,"minecraft:acacia_sapling":2},"minecraft:custom":{"minecraft:interact_with_furnace":40,"minecraft:mob_kills":18,"minecraft:interact_with_crafting_table":29,"minecraft:open_barrel":3,"minecraft:leave_game":8,"minecraft:time_since_death":136368,"minecraft:sleep_in_bed":3,"minecraft:time_since_rest":14344,"minecraft:sprint_one_cm":533860,"minecraft:damage_taken":1004,"minecraft:walk_one_cm":598567,"minecraft:drop":15,"minecraft:damage_dealt":3441,"minecraft:talked_to_villager":1,"minecraft:swim_one_cm":18554,"minecraft:fly_one_cm":478450,"minecraft:open_chest":15,"minecraft:crouch_one_cm":12716,"minecraft:play_time":136368,"minecraft:sneak_time":3122,"minecraft:walk_under_water_one_cm":4331,"minecraft:jump":1700,"minecraft:interact_with_blast_furnace":1,"minecraft:walk_on_water_one_cm":10879,"minecraft:total_world_time":136368,"minecraft:fall_one_cm":42221},"minecraft:used":{"minecraft:stone_pickaxe":687,"minecraft:chest":2,"minecraft:orange_bed":2,"minecraft:torch":17,"minecraft:dirt":113,"minecraft:crafting_table":2,"epicfight:iron_greatsword":59,"minecraft:iron_axe":184,"minecraft:iron_pickaxe":153,"minecraft:stone_brick_stairs":6,"minecraft:stone_bricks":92,"minecraft:cobblestone":596,"minecraft:furnace":2,"minecraft:cooked_porkchop":20},"minecraft:mined":{"minecraft:acacia_leaves":1,"minecraft:crafting_table":1,"minecraft:acacia_log":50,"minecraft:grass_block":98,"minecraft:chest":1,"minecraft:tall_grass":3,"minecraft:cobblestone":261,"minecraft:wall_torch":2,"minecraft:stone_brick_stairs":4,"minecraft:grass":16,"minecraft:coal_ore":20,"minecraft:oak_log":97,"minecraft:dirt":94,"minecraft:stone":544,"minecraft:stone_bricks":1,"minecraft:oak_leaves":6,"minecraft:orange_bed":2},"minecraft:killed":{"minecraft:spider":2,"minecraft:skeleton":2,"minecraft:zombie":11,"minecraft:chicken":1,"minecraft:villager":1}},"DataVersion":3465}