{"stats":{"minecraft:killed_by":{"minecraft:skeleton":2,"iceandfire:cockatrice":1},"minecraft:killed":{"minecraft:pig":2,"minecraft:spider":1,"minecraft:creeper":2,"iceandfire:cockatrice":1,"minecraft:skeleton":5,"minecraft:sheep":4,"minecraft:zombie":7,"minecraft:cow":1},"minecraft:broken":{"minecraft:stone_pickaxe":2,"minecraft:wooden_axe":2},"minecraft:dropped":{"minecraft:cobblestone":11,"minecraft:rotten_flesh":2,"minecraft:jungle_planks":1,"minecraft:dirt":5,"minecraft:diorite":1},"minecraft:picked_up":{"minecraft:crafting_table":1,"minecraft:feather":1,"iceandfire:witherbone":2,"minecraft:andesite":1,"minecraft:jungle_log":21,"minecraft:leather":2,"minecraft:flint":1,"minecraft:oak_log":96,"minecraft:gunpowder":2,"minecraft:amethyst_block":18,"minecraft:lapis_lazuli":6,"minecraft:dirt":48,"minecraft:string":3,"minecraft:bone":7,"minecraft:apple":5,"minecraft:wheat_seeds":12,"minecraft:beef":3,"minecraft:cooked_chicken":3,"minecraft:calcite":47,"minecraft:jungle_sapling":3,"minecraft:chest":2,"minecraft:egg":4,"minecraft:smooth_basalt":11,"minecraft:stick":44,"minecraft:raw_iron":13,"minecraft:torch":2,"minecraft:gravel":11,"minecraft:porkchop":7,"minecraft:jungle_planks":1,"tombstone:grave_dust":1,"minecraft:diorite":11,"minecraft:white_bed":2,"minecraft:spider_eye":1,"minecraft:arrow":6,"minecraft:rotten_flesh":14,"minecraft:granite":8,"minecraft:oak_sapling":58,"minecraft:mutton":8,"minecraft:white_wool":3,"minecraft:coal":119,"iceandfire:raw_silver":11,"minecraft:cobblestone":262},"minecraft:used":{"minecraft:cooked_mutton":8,"minecraft:water_bucket":3,"minecraft:diorite":6,"minecraft:stone_sword":12,"iceandfire:silver_sword":100,"minecraft:stone_pickaxe":262,"minecraft:stone_shovel":44,"minecraft:oak_planks":4,"minecraft:wooden_pickaxe":17,"minecraft:chest":7,"minecraft:shield":16,"wom:ruine":23,"minecraft:cooked_chicken":3,"minecraft:torch":56,"minecraft:dirt":30,"minecraft:crafting_table":5,"minecraft:white_bed":3,"iceandfire:silver_pickaxe":248,"minecraft:wooden_axe":131,"minecraft:apple":5,"minecraft:gravel":3,"minecraft:stone_axe":23,"minecraft:diamond_sword":15,"minecraft:cobblestone":70,"minecraft:furnace":2,"minecraft:bucket":4,"tombstone:gift":2,"minecraft:egg":1,"minecraft:cooked_beef":3},"minecraft:custom":{"minecraft:interact_with_furnace":21,"minecraft:mob_kills":43,"minecraft:interact_with_crafting_table":24,"minecraft:leave_game":4,"minecraft:time_since_death":32739,"minecraft:sleep_in_bed":4,"minecraft:climb_one_cm":74,"minecraft:time_since_rest":10161,"minecraft:sprint_one_cm":486720,"minecraft:damage_taken":1614,"minecraft:walk_one_cm":610655,"minecraft:damage_blocked_by_shield":490,"minecraft:drop":8,"minecraft:damage_dealt":7924,"minecraft:damage_dealt_absorbed":60,"minecraft:swim_one_cm":74573,"minecraft:fly_one_cm":336653,"minecraft:open_chest":11,"minecraft:crouch_one_cm":10914,"minecraft:play_time":133632,"tombstone:undead_killed":12,"minecraft:deaths":3,"minecraft:sneak_time":2839,"minecraft:walk_under_water_one_cm":28470,"minecraft:jump":1355,"minecraft:walk_on_water_one_cm":38615,"minecraft:total_world_time":133632,"minecraft:fall_one_cm":18503},"minecraft:mined":{"minecraft:large_amethyst_bud":2,"minecraft:white_bed":2,"iceandfire:silver_ore":11,"minecraft:medium_amethyst_bud":3,"minecraft:crafting_table":1,"minecraft:torch":2,"minecraft:granite":8,"minecraft:budding_amethyst":2,"minecraft:calcite":47,"minecraft:grass_block":15,"minecraft:chest":2,"minecraft:jungle_log":21,"minecraft:tall_grass":10,"minecraft:cobblestone":8,"minecraft:lapis_ore":1,"minecraft:diorite":12,"minecraft:amethyst_block":18,"minecraft:iron_ore":13,"minecraft:andesite":1,"minecraft:grass":28,"minecraft:oak_log":116,"minecraft:coal_ore":120,"minecraft:small_amethyst_bud":1,"minecraft:gravel":13,"minecraft:dirt":37,"minecraft:smooth_basalt":13,"minecraft:stone":261,"minecraft:fern":1},"minecraft:crafted":{"minecraft:cooked_beef":3,"minecraft:oak_planks":128,"minecraft:stone_shovel":1,"minecraft:cooked_porkchop":7,"iceandfire:silver_ingot":9,"minecraft:crafting_table":4,"minecraft:wooden_pickaxe":1,"minecraft:furnace":2,"minecraft:bucket":1,"minecraft:stone_axe":1,"minecraft:cooked_mutton":8,"minecraft:air":0,"minecraft:jungle_planks":32,"minecraft:charcoal":13,"minecraft:shield":1,"minecraft:stick":52,"minecraft:iron_ingot":9,"minecraft:stone_pickaxe":2,"minecraft:wooden_axe":2,"minecraft:stone_sword":1,"minecraft:chest":6,"minecraft:white_bed":1,"minecraft:torch":228,"iceandfire:silver_pickaxe":1,"iceandfire:silver_sword":1}},"DataVersion":3465}