{"stats":{"minecraft:killed":{"minecraft:pig":2,"iceandfire:cockatrice":1,"minecraft:skeleton":1,"minecraft:pillager":10,"minecraft:zombie":1,"minecraft:cow":2},"minecraft:broken":{"minecraft:wooden_axe":1},"minecraft:dropped":{"minecraft:wheat_seeds":8,"minecraft:oak_log":5,"minecraft:granite":1,"minecraft:dirt":34,"minecraft:oak_sapling":3,"minecraft:acacia_sapling":9,"minecraft:bone":3,"minecraft:egg":1},"minecraft:picked_up":{"minecraft:crafting_table":2,"iceandfire:witherbone":2,"iceandfire:fire_lily":2,"minecraft:leather":4,"minecraft:gold_block":1,"minecraft:oak_log":5,"minecraft:dirt":48,"minecraft:bone":3,"minecraft:wheat_seeds":8,"minecraft:beef":6,"minecraft:cooked_chicken":1,"minecraft:melon_slice":6,"minecraft:acacia_sapling":14,"minecraft:egg":1,"minecraft:stick":10,"minecraft:acacia_log":54,"epicfight:skillbook":1,"minecraft:porkchop":5,"minecraft:arrow":1,"minecraft:rotten_flesh":2,"minecraft:crossbow":1,"minecraft:granite":2,"tombstone:essence_of_undeath":1,"tombstone:magic_scroll":1,"minecraft:oak_sapling":3,"minecraft:coal":120,"minecraft:cobblestone":23},"minecraft:used":{"epicfight:skillbook":3,"minecraft:stone_pickaxe":2,"minecraft:wooden_pickaxe":8,"minecraft:wooden_shovel":8,"minecraft:torch":18,"minecraft:dirt":14,"minecraft:crafting_table":3,"minecraft:carrot":14,"minecraft:acacia_sapling":5,"minecraft:golden_shovel":31,"minecraft:granite":1,"minecraft:wooden_axe":70,"iceandfire:dragonbone_sword":70,"minecraft:melon_slice":6,"minecraft:bread":5,"minecraft:iron_pickaxe":145,"minecraft:cobblestone":3,"minecraft:cooked_porkchop":2},"minecraft:custom":{"minecraft:interact_with_furnace":1,"minecraft:mob_kills":17,"tombstone:raider_killed":10,"minecraft:interact_with_crafting_table":4,"minecraft:interact_with_loom":1,"minecraft:interact_with_grindstone":1,"minecraft:leave_game":2,"minecraft:time_since_death":55427,"minecraft:sleep_in_bed":4,"minecraft:time_since_rest":2639,"minecraft:sprint_one_cm":267854,"minecraft:damage_taken":536,"minecraft:walk_one_cm":346919,"minecraft:drop":11,"minecraft:damage_dealt":3539,"minecraft:damage_dealt_absorbed":32,"minecraft:swim_one_cm":15526,"minecraft:talked_to_villager":5,"minecraft:fly_one_cm":313487,"minecraft:open_chest":10,"minecraft:crouch_one_cm":1200,"minecraft:play_time":55427,"tombstone:undead_killed":2,"minecraft:sneak_time":150,"minecraft:walk_under_water_one_cm":13692,"minecraft:jump":878,"minecraft:interact_with_brewingstand":1,"minecraft:walk_on_water_one_cm":9274,"minecraft:interact_with_smoker":3,"minecraft:total_world_time":55427,"minecraft:fall_one_cm":19851},"minecraft:mined":{"minecraft:crafting_table":2,"minecraft:granite":2,"minecraft:dark_oak_fence":7,"minecraft:acacia_log":59,"minecraft:grass_block":28,"minecraft:melon":1,"iceandfire:fire_lily":2,"minecraft:tall_grass":2,"minecraft:cobblestone":3,"minecraft:gold_block":1,"minecraft:grass":16,"minecraft:oak_log":5,"minecraft:coal_ore":120,"minecraft:dirt":11,"minecraft:stone":21},"minecraft:crafted":{"minecraft:wooden_shovel":1,"minecraft:cooked_porkchop":5,"minecraft:crafting_table":1,"minecraft:wooden_pickaxe":1,"minecraft:air":0,"minecraft:stick":12,"minecraft:stone_pickaxe":1,"minecraft:wooden_axe":2,"minecraft:acacia_planks":20,"minecraft:torch":48}},"DataVersion":3465}