{"stats":{"minecraft:killed":{"minecraft:vindicator":2,"minecraft:spider":1,"minecraft:skeleton":3,"minecraft:pig":2,"minecraft:ravager":1,"iceandfire:cockatrice":2,"minecraft:pillager":20,"minecraft:zombie":3,"minecraft:cow":2},"minecraft:broken":{"minecraft:golden_shovel":1,"iceandfire:silver_pickaxe":1,"minecraft:iron_pickaxe":3,"minecraft:wooden_axe":1},"minecraft:dropped":{"minecraft:wheat_seeds":8,"minecraft:oak_log":5,"minecraft:crossbow":1,"minecraft:cobblestone":225,"minecraft:granite":1,"minecraft:acacia_log":26,"minecraft:coal":42,"minecraft:leather_helmet":3,"minecraft:stick":15,"minecraft:dirt":34,"minecraft:acacia_planks":2,"minecraft:bone":3,"minecraft:stone_axe":2,"minecraft:light_gray_wool":2,"minecraft:suspicious_stew":2,"minecraft:acacia_sapling":9,"minecraft:oak_sapling":3,"minecraft:egg":1},"minecraft:picked_up":{"minecraft:crafting_table":4,"iceandfire:witherbone":4,"minecraft:suspicious_stew":1,"iceandfire:fire_lily":2,"minecraft:gold_block":1,"minecraft:raw_copper":64,"minecraft:iron_axe":1,"minecraft:gold_nugget":24,"minecraft:cobbled_deepslate":2,"minecraft:beef":6,"minecraft:melon_slice":6,"minecraft:furnace":1,"minecraft:egg":1,"minecraft:stick":29,"minecraft:raw_iron":48,"minecraft:torch":8,"minecraft:acacia_log":122,"epicfight:skillbook":2,"minecraft:porkchop":5,"minecraft:diorite":73,"minecraft:arrow":4,"minecraft:rotten_flesh":2,"minecraft:saddle":1,"tombstone:essence_of_undeath":1,"minecraft:cobblestone":962,"minecraft:leather":4,"minecraft:flint":2,"minecraft:oak_log":5,"minecraft:dirt":92,"minecraft:white_banner":3,"minecraft:cooked_mutton":1,"minecraft:bone":3,"minecraft:acacia_planks":58,"minecraft:wheat_seeds":8,"minecraft:cooked_chicken":1,"tombstone:bag_of_seeds":1,"minecraft:acacia_sapling":26,"minecraft:book":64,"minecraft:gravel":9,"minecraft:leather_helmet":3,"minecraft:stone_axe":3,"minecraft:crossbow":2,"minecraft:granite":21,"minecraft:emerald":1,"tombstone:magic_scroll":1,"minecraft:oak_sapling":3,"iceandfire:silver_nugget":40,"minecraft:coal":273,"iceandfire:raw_silver":1},"minecraft:used":{"minecraft:chest":4,"minecraft:wooden_shovel":8,"minecraft:cooked_chicken":1,"minecraft:torch":90,"minecraft:dirt":23,"minecraft:carrot":14,"minecraft:acacia_sapling":5,"minecraft:golden_shovel":37,"minecraft:granite":1,"minecraft:wooden_axe":70,"minecraft:iron_axe":40,"iceandfire:copper_pickaxe":5,"minecraft:furnace":5,"minecraft:cooked_beef":6,"minecraft:cooked_mutton":1,"epicfight:skillbook":5,"minecraft:diorite":1,"minecraft:stone_pickaxe":2,"minecraft:wooden_pickaxe":8,"minecraft:crafting_table":10,"tombstone:bag_of_seeds":2,"iceandfire:silver_pickaxe":462,"iceandfire:dragonbone_sword":129,"minecraft:bread":15,"minecraft:melon_slice":6,"minecraft:iron_pickaxe":944,"minecraft:stone_axe":41,"minecraft:cobblestone":34,"minecraft:cooked_porkchop":5,"minecraft:bucket":1},"minecraft:custom":{"minecraft:interact_with_smithing_table":2,"minecraft:mob_kills":36,"minecraft:interact_with_crafting_table":16,"minecraft:open_barrel":7,"minecraft:bell_ring":7,"minecraft:leave_game":3,"minecraft:time_since_death":187239,"minecraft:sprint_one_cm":783121,"minecraft:walk_one_cm":943519,"minecraft:drop":31,"minecraft:damage_dealt_absorbed":236,"minecraft:talked_to_villager":86,"minecraft:raid_win":1,"minecraft:play_time":187239,"minecraft:sneak_time":2325,"minecraft:walk_under_water_one_cm":19616,"minecraft:jump":2205,"minecraft:interact_with_brewingstand":2,"minecraft:interact_with_blast_furnace":1,"minecraft:walk_on_water_one_cm":19940,"minecraft:total_world_time":187239,"minecraft:interact_with_furnace":26,"tombstone:raider_killed":23,"minecraft:traded_with_villager":18,"minecraft:interact_with_cartography_table":1,"minecraft:interact_with_loom":2,"minecraft:raid_trigger":1,"minecraft:interact_with_grindstone":2,"minecraft:sleep_in_bed":8,"minecraft:time_since_rest":51969,"minecraft:damage_taken":1145,"minecraft:damage_dealt":8432,"minecraft:swim_one_cm":15526,"minecraft:fly_one_cm":694393,"minecraft:open_chest":92,"minecraft:crouch_one_cm":9061,"tombstone:undead_killed":6,"minecraft:interact_with_smoker":3,"minecraft:fall_one_cm":41742,"minecraft:horse_one_cm":54626},"minecraft:mined":{"iceandfire:silver_ore":2,"minecraft:dark_oak_fence":7,"minecraft:granite":21,"minecraft:acacia_log":102,"minecraft:grass_block":35,"minecraft:furnace":1,"minecraft:iron_ore":49,"minecraft:andesite":2,"minecraft:gold_block":1,"minecraft:bookshelf":27,"iceandfire:gold_pile":10,"minecraft:stone":867,"minecraft:crafting_table":4,"minecraft:torch":2,"minecraft:melon":1,"iceandfire:fire_lily":2,"minecraft:tall_grass":2,"minecraft:copper_ore":19,"minecraft:cobblestone":9,"minecraft:diorite":93,"minecraft:wall_torch":5,"minecraft:grass":20,"minecraft:coal_ore":273,"minecraft:oak_log":5,"iceandfire:silver_pile":12,"minecraft:gravel":11,"minecraft:dirt":52,"minecraft:deepslate":2},"minecraft:crafted":{"minecraft:furnace":4,"minecraft:stone_pickaxe":1,"minecraft:chest":6,"iceandfire:copper_pickaxe":2,"iceandfire:manuscript":12,"minecraft:cooked_beef":6,"minecraft:wooden_shovel":1,"minecraft:emerald":15,"minecraft:cooked_porkchop":5,"iceandfire:silver_ingot":4,"minecraft:crafting_table":6,"minecraft:wooden_pickaxe":1,"minecraft:copper_ingot":31,"minecraft:bucket":1,"minecraft:enchanted_book":1,"minecraft:air":0,"minecraft:gold_nugget":37,"minecraft:stick":84,"minecraft:iron_ingot":32,"minecraft:iron_pickaxe":4,"minecraft:wooden_axe":2,"minecraft:gold_ingot":9,"minecraft:acacia_planks":188,"minecraft:torch":104,"iceandfire:silver_pickaxe":1}},"DataVersion":3465}