{"stats":{"minecraft:used":{"minecraft:stone_sword":12,"iceandfire:silver_sword":157,"minecraft:stone_shovel":137,"minecraft:chest":8,"minecraft:shield":87,"minecraft:cooked_chicken":4,"minecraft:torch":176,"minecraft:dirt":57,"minecraft:wooden_axe":131,"iceandfire:lightning_lily":1,"iceandfire:ghost_chest":1,"minecraft:bow":13,"minecraft:furnace":4,"tombstone:gift":2,"minecraft:egg":6,"minecraft:cooked_beef":5,"minecraft:cooked_mutton":17,"minecraft:wheat_seeds":25,"minecraft:water_bucket":19,"minecraft:diorite":6,"minecraft:oak_planks":4,"minecraft:stone_pickaxe":262,"minecraft:wooden_pickaxe":17,"epicfight:iron_longsword":142,"wom:ruine":23,"minecraft:crafting_table":7,"minecraft:white_bed":3,"iceandfire:silver_pickaxe":433,"iceandfire:dragonbone_sword":7,"minecraft:apple":7,"minecraft:iron_pickaxe":172,"minecraft:gravel":3,"minecraft:stone_axe":25,"minecraft:diamond_sword":15,"iceandfire:silver_hoe":43,"minecraft:cobblestone":102,"minecraft:cooked_porkchop":14,"minecraft:bucket":19},"minecraft:crafted":{"jet_and_elias_armors:the_dames_armor_chestplate":1,"minecraft:oak_planks":128,"minecraft:stone_shovel":1,"jet_and_elias_armors:red_mercenary_heavy_leggings":1,"minecraft:cooked_chicken":1,"minecraft:furnace":4,"minecraft:heavy_weighted_pressure_plate":10,"minecraft:cooked_mutton":17,"iceandfire:armor_silver_metal_chestplate":1,"minecraft:bow":1,"minecraft:iron_boots":1,"jet_and_elias_armors:the_dames_armor_helmet":1,"minecraft:stone_pickaxe":2,"minecraft:chest":6,"iceandfire:armor_silver_metal_boots":1,"minecraft:cooked_beef":5,"iceandfire:dragonbone_sword":1,"iceandfire:silver_ingot":28,"minecraft:cooked_porkchop":14,"minecraft:crafting_table":6,"minecraft:wooden_pickaxe":1,"minecraft:iron_sword":1,"epicfight:iron_longsword":1,"minecraft:bucket":1,"minecraft:stone_axe":1,"minecraft:jungle_planks":32,"minecraft:air":0,"iceandfire:armor_silver_metal_helmet":1,"minecraft:charcoal":13,"minecraft:shield":1,"minecraft:stick":124,"minecraft:iron_ingot":51,"minecraft:iron_pickaxe":2,"minecraft:wooden_axe":2,"minecraft:stone_sword":1,"minecraft:gold_ingot":9,"minecraft:white_bed":1,"jet_and_elias_armors:mercenary_gear_leggings":1,"minecraft:torch":228,"iceandfire:silver_pickaxe":1,"iceandfire:silver_sword":1,"iceandfire:silver_hoe":1},"minecraft:picked_up":{"minecraft:crafting_table":1,"iceandfire:witherbone":2,"minecraft:chicken":1,"minecraft:brown_mushroom":1,"minecraft:wither_rose":1,"minecraft:gold_block":3,"minecraft:amethyst_block":18,"minecraft:string":5,"minecraft:raw_copper":4,"iceandfire:graveyard_soil":4,"minecraft:cobbled_deepslate":3,"minecraft:beef":7,"minecraft:calcite":47,"minecraft:jungle_sapling":3,"minecraft:light_gray_wool":1,"minecraft:chest":2,"minecraft:egg":9,"minecraft:stick":44,"minecraft:raw_iron":83,"iceandfire:dragonbone":11,"iceandfire:ghost_chest":2,"minecraft:torch":12,"epicfight:skillbook":1,"minecraft:porkchop":14,"tombstone:grave_dust":7,"minecraft:diorite":49,"minecraft:redstone":17,"iceandfire:lightning_lily":4,"minecraft:arrow":19,"minecraft:rotten_flesh":21,"minecraft:mutton":17,"minecraft:iron_bars":2,"minecraft:skeleton_skull":1,"minecraft:white_wool":8,"minecraft:cobblestone":390,"minecraft:magma_block":4,"minecraft:feather":3,"minecraft:andesite":5,"minecraft:jungle_log":21,"minecraft:leather":3,"minecraft:flint":1,"minecraft:oak_log":96,"iceandfire:ectoplasm":4,"minecraft:gunpowder":4,"minecraft:lapis_lazuli":52,"minecraft:dirt":119,"minecraft:bone":21,"minecraft:apple":5,"minecraft:wheat_seeds":25,"minecraft:cooked_chicken":3,"minecraft:mossy_stone_brick_wall":2,"minecraft:smooth_basalt":11,"iceandfire:shiny_scales":2,"minecraft:gravel":12,"minecraft:jungle_planks":1,"minecraft:white_bed":2,"minecraft:spider_eye":3,"minecraft:granite":8,"minecraft:oak_sapling":58,"minecraft:netherrack":4,"minecraft:coal":179,"iceandfire:raw_silver":29},"minecraft:dropped":{"minecraft:cobblestone":11,"minecraft:granite":6,"minecraft:jungle_planks":1,"minecraft:dirt":5,"minecraft:diorite":22,"minecraft:gravel":1,"minecraft:rotten_flesh":2,"minecraft:egg":1},"minecraft:killed_by":{"minecraft:skeleton":3,"iceandfire:cockatrice":1,"iceandfire:ghost":2},"minecraft:mined":{"iceandfire:lightning_lily":4,"minecraft:large_amethyst_bud":2,"minecraft:white_bed":2,"minecraft:farmland":7,"iceandfire:silver_ore":29,"minecraft:jungle_leaves":1,"minecraft:granite":8,"minecraft:budding_amethyst":2,"minecraft:grass_block":66,"minecraft:jungle_log":21,"minecraft:magma_block":4,"minecraft:redstone_ore":3,"minecraft:iron_ore":81,"minecraft:andesite":6,"minecraft:gold_block":3,"minecraft:deepslate_iron_ore":2,"minecraft:vine":2,"minecraft:small_amethyst_bud":1,"minecraft:iron_bars":2,"minecraft:stone":387,"minecraft:deepslate_redstone_ore":2,"minecraft:brown_mushroom":1,"minecraft:medium_amethyst_bud":3,"minecraft:crafting_table":1,"minecraft:torch":5,"minecraft:calcite":47,"iceandfire:ghost_chest":2,"minecraft:chest":2,"minecraft:tall_grass":19,"minecraft:copper_ore":1,"minecraft:cobblestone":9,"minecraft:lapis_ore":9,"minecraft:diorite":29,"minecraft:wall_torch":4,"minecraft:amethyst_block":18,"minecraft:skeleton_skull":1,"minecraft:mossy_stone_brick_wall":2,"minecraft:wheat":2,"minecraft:wither_rose":1,"minecraft:grass":134,"minecraft:oak_log":116,"minecraft:coal_ore":185,"minecraft:gravel":20,"minecraft:dirt":54,"minecraft:smooth_basalt":13,"minecraft:stone_bricks":1,"minecraft:netherrack":6,"minecraft:oak_leaves":5,"minecraft:deepslate":3,"minecraft:fern":1},"minecraft:custom":{"minecraft:mob_kills":88,"minecraft:interact_with_crafting_table":52,"minecraft:leave_game":8,"minecraft:time_since_death":85194,"minecraft:climb_one_cm":5205,"minecraft:sprint_one_cm":1478375,"minecraft:walk_one_cm":1465961,"minecraft:damage_blocked_by_shield":1350,"minecraft:drop":12,"minecraft:damage_dealt_absorbed":60,"minecraft:talked_to_villager":12,"minecraft:play_time":283623,"minecraft:sneak_time":4887,"minecraft:deaths":6,"minecraft:walk_under_water_one_cm":31011,"minecraft:jump":3276,"minecraft:interact_with_brewingstand":2,"minecraft:walk_on_water_one_cm":63601,"minecraft:total_world_time":283623,"minecraft:interact_with_furnace":44,"minecraft:interact_with_stonecutter":1,"minecraft:sleep_in_bed":11,"minecraft:time_since_rest":5630,"minecraft:damage_taken":3245,"minecraft:trigger_trapped_chest":5,"minecraft:damage_dealt":16401,"minecraft:swim_one_cm":74573,"minecraft:fly_one_cm":912622,"minecraft:open_chest":50,"minecraft:crouch_one_cm":15879,"tombstone:undead_killed":32,"minecraft:fall_one_cm":43605},"minecraft:killed":{"minecraft:spider":3,"minecraft:skeleton":10,"minecraft:chicken":1,"iceandfire:hippocampus":1,"minecraft:pig":5,"minecraft:creeper":4,"iceandfire:cockatrice":1,"minecraft:sheep":10,"minecraft:zombie":10,"iceandfire:ghost":12,"minecraft:cow":3},"minecraft:broken":{"minecraft:stone_pickaxe":2,"minecraft:wooden_axe":2}},"DataVersion":3465}