{"stats":{"minecraft:killed":{"minecraft:pig":2,"minecraft:spider":1,"minecraft:vindicator":2,"minecraft:ravager":1,"iceandfire:cockatrice":2,"minecraft:skeleton":3,"minecraft:pillager":20,"minecraft:zombie":3,"minecraft:cow":2},"minecraft:broken":{"minecraft:wooden_axe":1,"minecraft:golden_shovel":1},"minecraft:dropped":{"minecraft:wheat_seeds":8,"minecraft:oak_log":5,"minecraft:granite":1,"minecraft:coal":42,"minecraft:leather_helmet":3,"minecraft:suspicious_stew":2,"minecraft:dirt":34,"minecraft:oak_sapling":3,"minecraft:acacia_sapling":9,"minecraft:bone":3,"minecraft:egg":1},"minecraft:picked_up":{"minecraft:crafting_table":2,"iceandfire:witherbone":4,"minecraft:suspicious_stew":1,"iceandfire:fire_lily":2,"minecraft:leather":4,"minecraft:gold_block":1,"minecraft:oak_log":5,"minecraft:dirt":57,"minecraft:white_banner":3,"minecraft:cooked_mutton":1,"minecraft:bone":3,"minecraft:wheat_seeds":8,"minecraft:gold_nugget":24,"minecraft:beef":6,"minecraft:cooked_chicken":1,"tombstone:bag_of_seeds":1,"minecraft:melon_slice":6,"minecraft:acacia_sapling":14,"minecraft:egg":1,"minecraft:stick":10,"minecraft:torch":1,"minecraft:acacia_log":54,"epicfight:skillbook":2,"minecraft:porkchop":5,"minecraft:leather_helmet":3,"minecraft:arrow":4,"minecraft:rotten_flesh":2,"minecraft:stone_axe":2,"minecraft:crossbow":2,"minecraft:granite":2,"minecraft:saddle":1,"minecraft:emerald":1,"tombstone:essence_of_undeath":1,"tombstone:magic_scroll":1,"minecraft:oak_sapling":3,"iceandfire:raw_silver":1,"minecraft:coal":164,"minecraft:cobblestone":47},"minecraft:used":{"minecraft:cooked_mutton":1,"epicfight:skillbook":5,"minecraft:stone_pickaxe":2,"minecraft:wooden_pickaxe":8,"minecraft:wooden_shovel":8,"minecraft:cooked_chicken":1,"minecraft:torch":44,"minecraft:dirt":23,"minecraft:crafting_table":3,"minecraft:carrot":14,"minecraft:acacia_sapling":5,"minecraft:golden_shovel":37,"minecraft:granite":1,"minecraft:wooden_axe":70,"iceandfire:dragonbone_sword":129,"minecraft:melon_slice":6,"minecraft:bread":9,"minecraft:iron_pickaxe":226,"minecraft:cobblestone":10,"minecraft:cooked_porkchop":5,"minecraft:cooked_beef":6},"minecraft:custom":{"minecraft:interact_with_smithing_table":2,"minecraft:interact_with_furnace":12,"minecraft:mob_kills":36,"tombstone:raider_killed":23,"minecraft:traded_with_villager":17,"minecraft:interact_with_cartography_table":1,"minecraft:interact_with_crafting_table":7,"minecraft:open_barrel":6,"minecraft:interact_with_loom":2,"minecraft:raid_trigger":1,"minecraft:interact_with_grindstone":2,"minecraft:leave_game":2,"minecraft:time_since_death":121427,"minecraft:sleep_in_bed":6,"minecraft:time_since_rest":12735,"minecraft:sprint_one_cm":615497,"minecraft:damage_taken":1046,"minecraft:walk_one_cm":619003,"minecraft:drop":17,"minecraft:damage_dealt":8432,"minecraft:damage_dealt_absorbed":236,"minecraft:swim_one_cm":15526,"minecraft:talked_to_villager":54,"minecraft:fly_one_cm":587956,"minecraft:raid_win":1,"minecraft:open_chest":57,"minecraft:crouch_one_cm":4524,"minecraft:play_time":121427,"tombstone:undead_killed":6,"minecraft:sneak_time":697,"minecraft:walk_under_water_one_cm":15425,"minecraft:jump":1650,"minecraft:interact_with_brewingstand":2,"minecraft:interact_with_blast_furnace":1,"minecraft:walk_on_water_one_cm":17143,"minecraft:interact_with_smoker":3,"minecraft:total_world_time":121427,"minecraft:fall_one_cm":34305,"minecraft:horse_one_cm":54626},"minecraft:mined":{"iceandfire:silver_ore":2,"minecraft:crafting_table":2,"minecraft:granite":2,"minecraft:dark_oak_fence":7,"minecraft:acacia_log":59,"minecraft:grass_block":34,"minecraft:melon":1,"iceandfire:fire_lily":2,"minecraft:tall_grass":2,"minecraft:cobblestone":3,"minecraft:gold_block":1,"minecraft:grass":16,"minecraft:oak_log":5,"minecraft:coal_ore":164,"iceandfire:gold_pile":9,"minecraft:dirt":17,"minecraft:stone":46},"minecraft:crafted":{"minecraft:cooked_beef":6,"minecraft:wooden_shovel":1,"minecraft:emerald":15,"minecraft:cooked_porkchop":5,"minecraft:crafting_table":1,"minecraft:wooden_pickaxe":1,"minecraft:air":0,"minecraft:gold_nugget":37,"minecraft:stick":12,"minecraft:stone_pickaxe":1,"minecraft:wooden_axe":2,"minecraft:gold_ingot":9,"minecraft:acacia_planks":20,"minecraft:torch":48,"iceandfire:manuscript":12}},"DataVersion":3465}