{"stats":{"minecraft:used":{"minecraft:cooked_mutton":2,"minecraft:diorite":2,"minecraft:stone_sword":12,"iceandfire:silver_sword":27,"minecraft:stone_pickaxe":262,"minecraft:stone_shovel":38,"minecraft:shield":1,"minecraft:chest":2,"minecraft:wooden_pickaxe":17,"wom:ruine":23,"minecraft:torch":18,"minecraft:dirt":30,"minecraft:crafting_table":4,"minecraft:white_bed":1,"iceandfire:silver_pickaxe":42,"minecraft:wooden_axe":124,"minecraft:apple":3,"minecraft:gravel":3,"minecraft:diamond_sword":15,"minecraft:cobblestone":32,"minecraft:furnace":2,"minecraft:egg":1,"minecraft:cooked_beef":3},"minecraft:crafted":{"minecraft:cooked_beef":3,"minecraft:oak_planks":56,"minecraft:stone_shovel":1,"minecraft:cooked_porkchop":7,"iceandfire:silver_ingot":9,"minecraft:crafting_table":3,"minecraft:wooden_pickaxe":1,"minecraft:furnace":2,"minecraft:cooked_mutton":6,"minecraft:air":0,"minecraft:jungle_planks":32,"minecraft:charcoal":13,"minecraft:shield":1,"minecraft:stick":52,"minecraft:iron_ingot":1,"minecraft:stone_pickaxe":2,"minecraft:wooden_axe":2,"minecraft:stone_sword":1,"minecraft:chest":2,"minecraft:white_bed":1,"minecraft:torch":52,"iceandfire:silver_pickaxe":1,"iceandfire:silver_sword":1},"minecraft:picked_up":{"minecraft:crafting_table":1,"minecraft:feather":1,"iceandfire:witherbone":2,"minecraft:jungle_log":21,"minecraft:leather":2,"minecraft:flint":1,"minecraft:oak_log":71,"minecraft:gunpowder":2,"minecraft:dirt":43,"minecraft:string":2,"minecraft:bone":3,"minecraft:apple":3,"minecraft:wheat_seeds":4,"minecraft:beef":3,"minecraft:cooked_chicken":3,"minecraft:jungle_sapling":3,"minecraft:egg":3,"minecraft:stick":27,"minecraft:raw_iron":1,"minecraft:torch":2,"minecraft:gravel":11,"minecraft:porkchop":7,"minecraft:jungle_planks":1,"tombstone:grave_dust":1,"minecraft:diorite":5,"minecraft:spider_eye":1,"minecraft:arrow":3,"minecraft:rotten_flesh":4,"minecraft:granite":2,"minecraft:oak_sapling":38,"minecraft:mutton":6,"minecraft:white_wool":3,"minecraft:coal":74,"iceandfire:raw_silver":9,"minecraft:cobblestone":217},"minecraft:dropped":{"minecraft:rotten_flesh":2,"minecraft:jungle_planks":1,"minecraft:diorite":1},"minecraft:killed_by":{"iceandfire:cockatrice":1},"minecraft:mined":{"iceandfire:silver_ore":9,"minecraft:crafting_table":1,"minecraft:torch":2,"minecraft:granite":2,"minecraft:grass_block":11,"minecraft:jungle_log":21,"minecraft:cobblestone":3,"minecraft:diorite":6,"minecraft:iron_ore":1,"minecraft:grass":27,"minecraft:oak_log":90,"minecraft:coal_ore":74,"minecraft:gravel":13,"minecraft:dirt":37,"minecraft:stone":220,"minecraft:fern":1},"minecraft:custom":{"minecraft:interact_with_furnace":15,"minecraft:mob_kills":22,"minecraft:interact_with_crafting_table":21,"minecraft:leave_game":4,"minecraft:time_since_death":18111,"minecraft:sleep_in_bed":2,"minecraft:climb_one_cm":74,"minecraft:time_since_rest":9747,"minecraft:sprint_one_cm":205187,"minecraft:damage_taken":735,"minecraft:walk_one_cm":335330,"minecraft:damage_blocked_by_shield":10,"minecraft:drop":3,"minecraft:damage_dealt":3688,"minecraft:damage_dealt_absorbed":60,"minecraft:swim_one_cm":8366,"minecraft:fly_one_cm":154090,"minecraft:open_chest":2,"minecraft:crouch_one_cm":8937,"minecraft:play_time":80037,"tombstone:undead_killed":9,"minecraft:deaths":1,"minecraft:sneak_time":2322,"minecraft:walk_under_water_one_cm":1857,"minecraft:jump":687,"minecraft:walk_on_water_one_cm":4536,"minecraft:total_world_time":80037,"minecraft:fall_one_cm":9928},"minecraft:killed":{"minecraft:pig":2,"minecraft:spider":1,"minecraft:creeper":2,"iceandfire:cockatrice":1,"minecraft:skeleton":4,"minecraft:sheep":3,"minecraft:zombie":5,"minecraft:cow":1},"minecraft:broken":{"minecraft:stone_pickaxe":2,"minecraft:wooden_axe":1}},"DataVersion":3465}