{"stats":{"minecraft:mined":{"minecraft:oak_log":8,"minecraft:oak_leaves":9},"minecraft:used":{"minecraft:wooden_axe":5,"minecraft:crafting_table":1},"minecraft:killed_by":{"minecraft:zombie":1},"minecraft:crafted":{"minecraft:oak_planks":20,"minecraft:crafting_table":1,"minecraft:stick":4,"minecraft:wooden_pickaxe":1,"minecraft:wooden_axe":1},"minecraft:picked_up":{"minecraft:stick":2,"minecraft:oak_log":10,"minecraft:oak_sapling":1,"minecraft:dirt":13},"minecraft:custom":{"minecraft:time_since_rest":23452,"minecraft:damage_taken":340,"minecraft:sprint_one_cm":8965,"minecraft:play_time":27567,"minecraft:deaths":1,"minecraft:walk_one_cm":12426,"minecraft:sneak_time":265,"minecraft:jump":65,"minecraft:damage_dealt":6,"minecraft:leave_game":7,"minecraft:walk_on_water_one_cm":314,"minecraft:time_since_death":23246,"minecraft:total_world_time":27567,"minecraft:interact_with_crafting_table":1,"minecraft:fall_one_cm":868,"minecraft:fly_one_cm":120225}},"DataVersion":3465}