{"stats":{"minecraft:used":{"minecraft:cooked_mutton":8,"minecraft:water_bucket":3,"minecraft:diorite":6,"minecraft:stone_sword":12,"iceandfire:silver_sword":145,"minecraft:oak_planks":4,"minecraft:stone_pickaxe":262,"minecraft:stone_shovel":44,"minecraft:chest":7,"minecraft:wooden_pickaxe":17,"minecraft:shield":21,"wom:ruine":23,"minecraft:cooked_chicken":3,"minecraft:torch":166,"minecraft:dirt":30,"minecraft:crafting_table":6,"minecraft:white_bed":3,"iceandfire:silver_pickaxe":433,"minecraft:wooden_axe":131,"minecraft:apple":5,"minecraft:iron_pickaxe":69,"minecraft:gravel":3,"minecraft:stone_axe":23,"minecraft:diamond_sword":15,"minecraft:cobblestone":96,"minecraft:furnace":3,"minecraft:cooked_porkchop":4,"minecraft:bucket":4,"tombstone:gift":2,"minecraft:egg":1,"minecraft:cooked_beef":3},"minecraft:crafted":{"minecraft:cooked_beef":3,"minecraft:oak_planks":128,"minecraft:stone_shovel":1,"minecraft:cooked_porkchop":7,"iceandfire:silver_ingot":28,"minecraft:crafting_table":5,"minecraft:wooden_pickaxe":1,"minecraft:furnace":3,"minecraft:bucket":1,"minecraft:stone_axe":1,"minecraft:cooked_mutton":8,"minecraft:air":0,"minecraft:jungle_planks":32,"iceandfire:armor_silver_metal_helmet":1,"iceandfire:armor_silver_metal_chestplate":1,"minecraft:charcoal":13,"minecraft:shield":1,"minecraft:stick":56,"minecraft:iron_ingot":51,"minecraft:iron_pickaxe":2,"minecraft:stone_pickaxe":2,"minecraft:wooden_axe":2,"minecraft:stone_sword":1,"minecraft:chest":6,"minecraft:white_bed":1,"iceandfire:armor_silver_metal_boots":1,"minecraft:torch":228,"iceandfire:silver_pickaxe":1,"iceandfire:silver_sword":1},"minecraft:picked_up":{"minecraft:crafting_table":1,"minecraft:feather":1,"iceandfire:witherbone":2,"minecraft:andesite":5,"minecraft:jungle_log":21,"minecraft:leather":2,"minecraft:flint":1,"minecraft:oak_log":96,"minecraft:gunpowder":3,"minecraft:amethyst_block":18,"minecraft:lapis_lazuli":52,"minecraft:dirt":48,"minecraft:string":5,"minecraft:raw_copper":2,"minecraft:bone":8,"minecraft:apple":5,"minecraft:wheat_seeds":12,"minecraft:cobbled_deepslate":3,"minecraft:beef":3,"minecraft:cooked_chicken":3,"minecraft:jungle_sapling":3,"minecraft:calcite":47,"minecraft:chest":2,"minecraft:egg":4,"minecraft:stick":44,"minecraft:raw_iron":78,"minecraft:smooth_basalt":11,"minecraft:torch":11,"minecraft:gravel":12,"minecraft:porkchop":7,"minecraft:jungle_planks":1,"tombstone:grave_dust":1,"minecraft:diorite":28,"minecraft:white_bed":2,"minecraft:redstone":17,"minecraft:spider_eye":2,"minecraft:arrow":13,"minecraft:rotten_flesh":17,"minecraft:granite":8,"minecraft:oak_sapling":58,"minecraft:mutton":8,"minecraft:white_wool":3,"minecraft:coal":179,"iceandfire:raw_silver":28,"minecraft:cobblestone":323},"minecraft:dropped":{"minecraft:gravel":1,"minecraft:cobblestone":11,"minecraft:rotten_flesh":2,"minecraft:jungle_planks":1,"minecraft:dirt":5,"minecraft:diorite":1},"minecraft:killed_by":{"minecraft:skeleton":3,"iceandfire:cockatrice":1},"minecraft:mined":{"minecraft:deepslate_redstone_ore":2,"minecraft:large_amethyst_bud":2,"minecraft:white_bed":2,"iceandfire:silver_ore":28,"minecraft:medium_amethyst_bud":3,"minecraft:crafting_table":1,"minecraft:torch":5,"minecraft:granite":8,"minecraft:budding_amethyst":2,"minecraft:grass_block":15,"minecraft:calcite":47,"minecraft:chest":2,"minecraft:jungle_log":21,"minecraft:tall_grass":10,"minecraft:cobblestone":9,"minecraft:lapis_ore":9,"minecraft:diorite":29,"minecraft:wall_torch":3,"minecraft:amethyst_block":18,"minecraft:redstone_ore":3,"minecraft:iron_ore":79,"minecraft:andesite":6,"minecraft:grass":28,"minecraft:deepslate_iron_ore":2,"minecraft:oak_log":116,"minecraft:coal_ore":185,"minecraft:small_amethyst_bud":1,"minecraft:gravel":14,"minecraft:dirt":37,"minecraft:smooth_basalt":13,"minecraft:stone":322,"minecraft:deepslate":3,"minecraft:fern":1},"minecraft:custom":{"minecraft:interact_with_furnace":29,"minecraft:mob_kills":53,"minecraft:interact_with_crafting_table":30,"minecraft:leave_game":6,"minecraft:time_since_death":37079,"minecraft:sleep_in_bed":4,"minecraft:climb_one_cm":74,"minecraft:time_since_rest":35523,"minecraft:sprint_one_cm":671183,"minecraft:damage_taken":2088,"minecraft:walk_one_cm":894431,"minecraft:damage_blocked_by_shield":600,"minecraft:drop":9,"minecraft:damage_dealt":10154,"minecraft:damage_dealt_absorbed":60,"minecraft:swim_one_cm":74573,"minecraft:fly_one_cm":395795,"minecraft:open_chest":11,"minecraft:crouch_one_cm":14805,"minecraft:play_time":176192,"tombstone:undead_killed":13,"minecraft:deaths":4,"minecraft:sneak_time":3727,"minecraft:walk_under_water_one_cm":29612,"minecraft:jump":1869,"minecraft:walk_on_water_one_cm":47714,"minecraft:total_world_time":176192,"minecraft:fall_one_cm":22900},"minecraft:killed":{"minecraft:pig":2,"minecraft:spider":2,"minecraft:creeper":3,"iceandfire:cockatrice":1,"minecraft:skeleton":6,"minecraft:sheep":4,"minecraft:zombie":7,"minecraft:cow":1},"minecraft:broken":{"minecraft:stone_pickaxe":2,"minecraft:wooden_axe":2}},"DataVersion":3465}