{"stats":{"minecraft:picked_up":{"minecraft:stick":2,"minecraft:oak_log":22,"minecraft:oak_sapling":1,"minecraft:dirt":34,"minecraft:cobblestone":22},"minecraft:used":{"minecraft:wooden_axe":5,"minecraft:dirt":8,"minecraft:crafting_table":2,"minecraft:furnace":1,"tombstone:gift":2,"minecraft:wooden_pickaxe":23,"minecraft:stone_axe":7,"minecraft:wooden_shovel":14},"minecraft:custom":{"minecraft:interact_with_furnace":2,"minecraft:time_since_rest":8203,"minecraft:crouch_one_cm":4,"minecraft:damage_taken":400,"minecraft:play_time":41990,"minecraft:sprint_one_cm":26128,"minecraft:deaths":2,"minecraft:walk_one_cm":28026,"minecraft:sneak_time":313,"minecraft:jump":165,"minecraft:damage_dealt":6,"minecraft:leave_game":10,"minecraft:time_since_death":8423,"minecraft:walk_on_water_one_cm":314,"minecraft:total_world_time":41990,"minecraft:interact_with_crafting_table":6,"minecraft:fall_one_cm":2350,"minecraft:fly_one_cm":168865},"minecraft:crafted":{"minecraft:furnace":1,"minecraft:oak_planks":56,"minecraft:wooden_shovel":1,"minecraft:stone_axe":1,"minecraft:crafting_table":2,"minecraft:stick":12,"minecraft:stone_pickaxe":1,"minecraft:wooden_pickaxe":2,"minecraft:wooden_axe":1},"minecraft:mined":{"minecraft:grass_block":8,"minecraft:grass":1,"minecraft:oak_log":20,"minecraft:dirt":13,"minecraft:stone":23,"minecraft:oak_leaves":12},"minecraft:killed_by":{"minecraft:zombie":1}},"DataVersion":3465}