{"stats":{"minecraft:killed":{"minecraft:pig":2,"iceandfire:cockatrice":2,"minecraft:skeleton":1,"minecraft:pillager":10,"minecraft:zombie":1,"minecraft:cow":2},"minecraft:broken":{"minecraft:wooden_axe":1},"minecraft:dropped":{"minecraft:wheat_seeds":8,"minecraft:oak_log":5,"minecraft:granite":1,"minecraft:coal":42,"minecraft:leather_helmet":3,"minecraft:dirt":34,"minecraft:oak_sapling":3,"minecraft:acacia_sapling":9,"minecraft:bone":3,"minecraft:egg":1},"minecraft:picked_up":{"minecraft:crafting_table":2,"iceandfire:witherbone":4,"iceandfire:fire_lily":2,"minecraft:leather":4,"minecraft:gold_block":1,"minecraft:oak_log":5,"minecraft:dirt":48,"minecraft:bone":3,"minecraft:wheat_seeds":8,"minecraft:gold_nugget":24,"minecraft:beef":6,"minecraft:cooked_chicken":1,"minecraft:melon_slice":6,"minecraft:acacia_sapling":14,"minecraft:egg":1,"minecraft:stick":10,"minecraft:acacia_log":54,"epicfight:skillbook":1,"minecraft:porkchop":5,"minecraft:leather_helmet":3,"minecraft:arrow":1,"minecraft:rotten_flesh":2,"minecraft:crossbow":1,"minecraft:granite":2,"tombstone:essence_of_undeath":1,"tombstone:magic_scroll":1,"minecraft:oak_sapling":3,"minecraft:coal":120,"minecraft:cobblestone":23},"minecraft:used":{"epicfight:skillbook":4,"minecraft:stone_pickaxe":2,"minecraft:wooden_pickaxe":8,"minecraft:wooden_shovel":8,"minecraft:cooked_chicken":1,"minecraft:torch":18,"minecraft:dirt":14,"minecraft:crafting_table":3,"minecraft:carrot":14,"minecraft:acacia_sapling":5,"minecraft:golden_shovel":31,"minecraft:granite":1,"minecraft:wooden_axe":70,"iceandfire:dragonbone_sword":75,"minecraft:melon_slice":6,"minecraft:bread":7,"minecraft:iron_pickaxe":154,"minecraft:cobblestone":3,"minecraft:cooked_porkchop":5},"minecraft:custom":{"minecraft:interact_with_smithing_table":2,"minecraft:interact_with_furnace":12,"minecraft:mob_kills":18,"tombstone:raider_killed":10,"minecraft:traded_with_villager":10,"minecraft:interact_with_cartography_table":1,"minecraft:interact_with_crafting_table":7,"minecraft:open_barrel":4,"minecraft:interact_with_loom":2,"minecraft:interact_with_grindstone":2,"minecraft:leave_game":2,"minecraft:time_since_death":91427,"minecraft:sleep_in_bed":4,"minecraft:time_since_rest":38639,"minecraft:sprint_one_cm":396613,"minecraft:damage_taken":702,"minecraft:walk_one_cm":466858,"minecraft:drop":15,"minecraft:damage_dealt":3930,"minecraft:damage_dealt_absorbed":32,"minecraft:swim_one_cm":15526,"minecraft:talked_to_villager":31,"minecraft:fly_one_cm":377572,"minecraft:open_chest":54,"minecraft:crouch_one_cm":1200,"minecraft:play_time":91427,"tombstone:undead_killed":2,"minecraft:sneak_time":172,"minecraft:walk_under_water_one_cm":14974,"minecraft:jump":1006,"minecraft:interact_with_brewingstand":1,"minecraft:interact_with_blast_furnace":1,"minecraft:walk_on_water_one_cm":12131,"minecraft:interact_with_smoker":3,"minecraft:total_world_time":91427,"minecraft:fall_one_cm":20944},"minecraft:mined":{"minecraft:crafting_table":2,"minecraft:granite":2,"minecraft:dark_oak_fence":7,"minecraft:acacia_log":59,"minecraft:grass_block":29,"minecraft:melon":1,"iceandfire:fire_lily":2,"minecraft:tall_grass":2,"minecraft:cobblestone":3,"minecraft:gold_block":1,"minecraft:grass":16,"minecraft:oak_log":5,"minecraft:coal_ore":120,"iceandfire:gold_pile":9,"minecraft:dirt":11,"minecraft:stone":21},"minecraft:crafted":{"minecraft:cooked_beef":6,"minecraft:wooden_shovel":1,"minecraft:emerald":8,"minecraft:cooked_porkchop":5,"minecraft:crafting_table":1,"minecraft:wooden_pickaxe":1,"minecraft:air":0,"minecraft:gold_nugget":37,"minecraft:stick":12,"minecraft:stone_pickaxe":1,"minecraft:wooden_axe":2,"minecraft:gold_ingot":9,"minecraft:acacia_planks":20,"minecraft:torch":48,"iceandfire:manuscript":12}},"DataVersion":3465}