{"stats":{"minecraft:killed_by":{"minecraft:skeleton":3,"iceandfire:cockatrice":1},"minecraft:killed":{"minecraft:pig":2,"minecraft:spider":2,"minecraft:creeper":2,"iceandfire:cockatrice":1,"minecraft:skeleton":5,"minecraft:sheep":4,"minecraft:zombie":7,"minecraft:cow":1},"minecraft:broken":{"minecraft:stone_pickaxe":2,"minecraft:wooden_axe":2},"minecraft:dropped":{"minecraft:cobblestone":11,"minecraft:rotten_flesh":2,"minecraft:jungle_planks":1,"minecraft:dirt":5,"minecraft:diorite":1},"minecraft:picked_up":{"minecraft:crafting_table":1,"minecraft:feather":1,"iceandfire:witherbone":2,"minecraft:andesite":5,"minecraft:jungle_log":21,"minecraft:leather":2,"minecraft:flint":1,"minecraft:oak_log":96,"minecraft:gunpowder":2,"minecraft:amethyst_block":18,"minecraft:lapis_lazuli":6,"minecraft:dirt":48,"minecraft:string":5,"minecraft:bone":7,"minecraft:apple":5,"minecraft:wheat_seeds":12,"minecraft:beef":3,"minecraft:cooked_chicken":3,"minecraft:jungle_sapling":3,"minecraft:calcite":47,"minecraft:chest":2,"minecraft:egg":4,"minecraft:stick":44,"minecraft:raw_iron":51,"minecraft:smooth_basalt":11,"minecraft:torch":3,"minecraft:gravel":12,"minecraft:porkchop":7,"minecraft:jungle_planks":1,"tombstone:grave_dust":1,"minecraft:diorite":28,"minecraft:white_bed":2,"minecraft:spider_eye":2,"minecraft:arrow":9,"minecraft:rotten_flesh":16,"minecraft:granite":8,"minecraft:oak_sapling":58,"minecraft:mutton":8,"minecraft:white_wool":3,"minecraft:coal":165,"iceandfire:raw_silver":28,"minecraft:cobblestone":305},"minecraft:used":{"minecraft:cooked_mutton":8,"minecraft:water_bucket":3,"minecraft:diorite":6,"minecraft:stone_sword":12,"iceandfire:silver_sword":125,"minecraft:oak_planks":4,"minecraft:stone_pickaxe":262,"minecraft:stone_shovel":44,"minecraft:chest":7,"minecraft:wooden_pickaxe":17,"minecraft:shield":19,"wom:ruine":23,"minecraft:cooked_chicken":3,"minecraft:torch":130,"minecraft:dirt":30,"minecraft:crafting_table":6,"minecraft:white_bed":3,"iceandfire:silver_pickaxe":423,"minecraft:wooden_axe":131,"minecraft:apple":5,"minecraft:gravel":3,"minecraft:stone_axe":23,"minecraft:diamond_sword":15,"minecraft:cobblestone":92,"minecraft:furnace":3,"minecraft:cooked_porkchop":2,"minecraft:bucket":4,"tombstone:gift":2,"minecraft:egg":1,"minecraft:cooked_beef":3},"minecraft:custom":{"minecraft:interact_with_furnace":26,"minecraft:mob_kills":49,"minecraft:interact_with_crafting_table":26,"minecraft:leave_game":6,"minecraft:time_since_death":20831,"minecraft:sleep_in_bed":4,"minecraft:climb_one_cm":74,"minecraft:time_since_rest":19275,"minecraft:sprint_one_cm":563383,"minecraft:damage_taken":1969,"minecraft:walk_one_cm":789482,"minecraft:damage_blocked_by_shield":540,"minecraft:drop":8,"minecraft:damage_dealt":9299,"minecraft:damage_dealt_absorbed":60,"minecraft:swim_one_cm":74573,"minecraft:fly_one_cm":368522,"minecraft:open_chest":11,"minecraft:crouch_one_cm":12069,"minecraft:play_time":159944,"tombstone:undead_killed":12,"minecraft:deaths":4,"minecraft:sneak_time":3256,"minecraft:walk_under_water_one_cm":29612,"minecraft:jump":1681,"minecraft:walk_on_water_one_cm":44194,"minecraft:total_world_time":159944,"minecraft:fall_one_cm":22482},"minecraft:mined":{"minecraft:large_amethyst_bud":2,"minecraft:white_bed":2,"iceandfire:silver_ore":28,"minecraft:medium_amethyst_bud":3,"minecraft:crafting_table":1,"minecraft:torch":2,"minecraft:granite":8,"minecraft:budding_amethyst":2,"minecraft:grass_block":15,"minecraft:calcite":47,"minecraft:chest":2,"minecraft:jungle_log":21,"minecraft:tall_grass":10,"minecraft:cobblestone":9,"minecraft:lapis_ore":1,"minecraft:diorite":29,"minecraft:amethyst_block":18,"minecraft:iron_ore":51,"minecraft:andesite":6,"minecraft:grass":28,"minecraft:oak_log":116,"minecraft:coal_ore":167,"minecraft:small_amethyst_bud":1,"minecraft:gravel":14,"minecraft:dirt":37,"minecraft:smooth_basalt":13,"minecraft:stone":307,"minecraft:fern":1},"minecraft:crafted":{"minecraft:cooked_beef":3,"minecraft:oak_planks":128,"minecraft:stone_shovel":1,"minecraft:cooked_porkchop":7,"iceandfire:silver_ingot":28,"minecraft:crafting_table":5,"minecraft:wooden_pickaxe":1,"minecraft:furnace":3,"minecraft:bucket":1,"minecraft:stone_axe":1,"minecraft:cooked_mutton":8,"minecraft:air":0,"minecraft:jungle_planks":32,"iceandfire:armor_silver_metal_chestplate":1,"iceandfire:armor_silver_metal_helmet":1,"minecraft:charcoal":13,"minecraft:shield":1,"minecraft:stick":52,"minecraft:iron_ingot":9,"minecraft:stone_pickaxe":2,"minecraft:wooden_axe":2,"minecraft:stone_sword":1,"minecraft:chest":6,"minecraft:white_bed":1,"iceandfire:armor_silver_metal_boots":1,"minecraft:torch":228,"iceandfire:silver_pickaxe":1,"iceandfire:silver_sword":1}},"DataVersion":3465}