{"stats":{"minecraft:killed":{"minecraft:pig":2,"minecraft:cow":2},"minecraft:broken":{"minecraft:wooden_axe":1},"minecraft:picked_up":{"minecraft:stick":10,"minecraft:crafting_table":2,"minecraft:leather":4,"minecraft:acacia_log":54,"minecraft:gold_block":1,"minecraft:porkchop":5,"minecraft:oak_log":5,"minecraft:dirt":14,"minecraft:wheat_seeds":8,"minecraft:granite":2,"minecraft:beef":6,"minecraft:oak_sapling":3,"minecraft:melon_slice":6,"minecraft:acacia_sapling":14,"minecraft:coal":81,"minecraft:cobblestone":20},"minecraft:used":{"minecraft:wooden_axe":70,"epicfight:skillbook":2,"iceandfire:dragonbone_sword":4,"minecraft:melon_slice":6,"minecraft:stone_pickaxe":2,"minecraft:iron_pickaxe":103,"minecraft:wooden_pickaxe":8,"minecraft:wooden_shovel":8,"minecraft:torch":16,"minecraft:dirt":11,"minecraft:cobblestone":3,"minecraft:crafting_table":3,"minecraft:cooked_porkchop":2,"minecraft:acacia_sapling":5,"minecraft:granite":1},"minecraft:custom":{"minecraft:time_since_rest":8336,"minecraft:sprint_one_cm":136804,"minecraft:damage_taken":60,"minecraft:walk_one_cm":176067,"minecraft:mob_kills":4,"minecraft:damage_dealt":400,"minecraft:talked_to_villager":2,"minecraft:interact_with_crafting_table":4,"minecraft:fly_one_cm":156575,"minecraft:open_chest":3,"minecraft:interact_with_loom":1,"minecraft:play_time":31781,"minecraft:walk_under_water_one_cm":10044,"minecraft:jump":497,"minecraft:interact_with_grindstone":1,"minecraft:leave_game":1,"minecraft:walk_on_water_one_cm":4177,"minecraft:time_since_death":31781,"minecraft:sleep_in_bed":2,"minecraft:interact_with_smoker":3,"minecraft:total_world_time":31781,"minecraft:fall_one_cm":11391},"minecraft:mined":{"minecraft:gold_block":1,"minecraft:crafting_table":2,"minecraft:granite":2,"minecraft:grass":5,"minecraft:acacia_log":59,"minecraft:oak_log":5,"minecraft:grass_block":6,"minecraft:coal_ore":81,"minecraft:melon":1,"minecraft:dirt":8,"minecraft:cobblestone":3,"minecraft:stone":18},"minecraft:crafted":{"minecraft:wooden_shovel":1,"minecraft:cooked_porkchop":5,"minecraft:crafting_table":1,"minecraft:stick":4,"minecraft:wooden_pickaxe":1,"minecraft:stone_pickaxe":1,"minecraft:wooden_axe":2,"minecraft:acacia_planks":20,"minecraft:torch":16,"minecraft:air":0}},"DataVersion":3465}