{"stats":{"minecraft:used":{"minecraft:wooden_axe":70,"minecraft:stone_pickaxe":2,"minecraft:wooden_pickaxe":8,"minecraft:wooden_shovel":8,"minecraft:dirt":6,"minecraft:crafting_table":3,"minecraft:cooked_porkchop":2,"minecraft:acacia_sapling":5},"minecraft:crafted":{"minecraft:wooden_shovel":1,"minecraft:cooked_porkchop":5,"minecraft:crafting_table":1,"minecraft:stick":4,"minecraft:wooden_pickaxe":1,"minecraft:stone_pickaxe":1,"minecraft:wooden_axe":2,"minecraft:acacia_planks":20,"minecraft:air":0},"minecraft:picked_up":{"minecraft:stick":10,"minecraft:crafting_table":2,"minecraft:acacia_log":54,"minecraft:porkchop":5,"minecraft:oak_log":5,"minecraft:dirt":7,"minecraft:wheat_seeds":5,"minecraft:oak_sapling":3,"minecraft:melon_slice":6,"minecraft:acacia_sapling":14,"minecraft:coal":1,"minecraft:cobblestone":8},"minecraft:mined":{"minecraft:crafting_table":2,"minecraft:grass":5,"minecraft:acacia_log":59,"minecraft:coal_ore":1,"minecraft:grass_block":2,"minecraft:oak_log":5,"minecraft:melon":1,"minecraft:dirt":5,"minecraft:stone":8},"minecraft:custom":{"minecraft:time_since_rest":3245,"minecraft:sprint_one_cm":75269,"minecraft:damage_taken":30,"minecraft:walk_one_cm":93708,"minecraft:mob_kills":2,"minecraft:damage_dealt":200,"minecraft:interact_with_crafting_table":4,"minecraft:talked_to_villager":2,"minecraft:fly_one_cm":98902,"minecraft:open_chest":1,"minecraft:play_time":14071,"minecraft:interact_with_loom":1,"minecraft:jump":272,"minecraft:interact_with_grindstone":1,"minecraft:leave_game":1,"minecraft:time_since_death":14071,"minecraft:sleep_in_bed":1,"minecraft:total_world_time":14071,"minecraft:interact_with_smoker":3,"minecraft:fall_one_cm":6406},"minecraft:killed":{"minecraft:pig":2},"minecraft:broken":{"minecraft:wooden_axe":1}},"DataVersion":3465}