{"stats":{"minecraft:killed_by":{"minecraft:zombie":1},"minecraft:crafted":{"minecraft:acacia_planks":8},"minecraft:picked_up":{"minecraft:acacia_log":2,"epicfight:iron_longsword":2,"minecraft:dirt":1},"minecraft:dropped":{"epicfight:iron_longsword":1},"minecraft:custom":{"minecraft:time_since_rest":5816,"minecraft:open_chest":6,"minecraft:crouch_one_cm":1128,"minecraft:sprint_one_cm":5857,"minecraft:play_time":21887,"minecraft:deaths":1,"minecraft:damage_taken":330,"minecraft:walk_one_cm":138221,"minecraft:sneak_time":267,"minecraft:drop":1,"minecraft:jump":102,"minecraft:damage_dealt":80,"minecraft:leave_game":4,"minecraft:walk_on_water_one_cm":110,"minecraft:time_since_death":0,"minecraft:total_world_time":21887,"minecraft:talked_to_villager":1,"minecraft:fall_one_cm":2116,"minecraft:fly_one_cm":3184},"minecraft:used":{"minecraft:dirt":1,"minecraft:cooked_porkchop":1,"epicfight:iron_longsword":1},"minecraft:mined":{"minecraft:grass":1,"minecraft:acacia_log":2,"minecraft:dirt_path":1}},"DataVersion":3465}