{"stats":{"minecraft:killed_by":{"minecraft:zombie":1,"aether:slider":1,"iceandfire:lightning_dragon":4},"minecraft:crafted":{"minecraft:brick":4,"minecraft:black_dye":6,"minecraft:smooth_stone":8,"minecraft:oak_planks":592,"minecraft:barrel":6,"minecraft:oak_sign":6,"minecraft:oak_pressure_plate":1,"minecraft:cooked_chicken":6,"iceandfire:silver_shovel":1,"aether:ambrosium_block":2,"minecraft:stone":54,"minecraft:bookshelf":23,"minecraft:cooked_mutton":8,"aether:incubator":1,"aether:golden_parachute":2,"minecraft:glass":68,"minecraft:diamond_leggings":1,"minecraft:iron_boots":1,"iceandfire:dragonbone_sword_lightning":3,"iceandfire:dragonbone_arrow":15,"aether:golden_aercloud":9,"minecraft:chest":23,"minecraft:oak_fence":33,"minecraft:flower_pot":1,"minecraft:golden_boots":1,"minecraft:smoker":1,"iceandfire:silver_axe":1,"minecraft:glass_bottle":3,"minecraft:oak_slab":48,"minecraft:deepslate":82,"minecraft:cooked_porkchop":5,"minecraft:crafting_table":8,"minecraft:smithing_table":1,"minecraft:clock":1,"iceandfire:wither_shard":3,"minecraft:book":1,"minecraft:paper":3,"minecraft:diamond_pickaxe":1,"minecraft:stick":196,"minecraft:iron_ingot":117,"minecraft:iron_pickaxe":8,"minecraft:iron_block":4,"minecraft:gold_ingot":13,"aether:book_of_lore":1,"minecraft:shears":1,"minecraft:oak_door":3,"minecraft:stone_shovel":1,"minecraft:iron_nugget":128,"aether:enchanted_gravitite":3,"minecraft:furnace":7,"minecraft:blast_furnace":1,"minecraft:glass_pane":16,"minecraft:oak_trapdoor":14,"minecraft:flint_and_steel":1,"minecraft:lantern":6,"aether:altar":1,"minecraft:iron_axe":2,"minecraft:ladder":15,"minecraft:cobblestone_wall":6,"minecraft:diamond_boots":1,"aether:cold_parachute":5,"minecraft:red_dye":26,"iceandfire:dragonbone_sword":2,"iceandfire:silver_ingot":33,"minecraft:enchanting_table":1,"minecraft:deepslate_brick_slab":30,"iceandfire:pixie_jar_empty":2,"minecraft:bucket":2,"minecraft:glowstone":16,"jet_and_elias_armors:knight_m_pink_boots":1,"minecraft:air":0,"iceandfire:dragonbone_pickaxe":1,"minecraft:jungle_planks":76,"minecraft:black_stained_glass":16,"minecraft:oak_stairs":76,"minecraft:iron_shovel":8,"minecraft:deepslate_tile_stairs":10,"minecraft:stonecutter":1,"minecraft:anvil":1,"minecraft:acacia_planks":368,"minecraft:torch":376,"iceandfire:silver_pickaxe":5,"minecraft:diamond_chestplate":1},"minecraft:broken":{"minecraft:iron_shovel":3,"minecraft:golden_boots":1,"iceandfire:silver_pickaxe":4,"jet_and_elias_armors:heavy_knight_armor_chestplate":1,"minecraft:golden_sword":1,"aether:golden_parachute":2,"jet_and_elias_armors:gladiator_armor_boots":1,"aether:cold_parachute":4,"minecraft:iron_axe":3,"minecraft:iron_pickaxe":10,"iceandfire:armor_copper_metal_chestplate":1},"minecraft:picked_up":{"aether:carved_stone":3,"minecraft:wheat":68,"iceandfire:copper_sword":2,"aether:iron_gloves":1,"jet_and_elias_armors:the_dames_armor_leggings":6,"iceandfire:armor_copper_metal_chestplate":3,"minecraft:oak_stairs":3,"minecraft:wither_rose":2,"minecraft:golden_shovel":2,"aether:ambrosium_torch":12,"minecraft:golden_sword":1,"epicfight:iron_longsword":2,"minecraft:polished_deepslate":2,"iceandfire:manuscript":9,"minecraft:string":43,"minecraft:raw_copper":9,"minecraft:soul_soil":2,"jet_and_elias_armors:heavy_knight_armor_chestplate":1,"minecraft:shroomlight":2,"jet_and_elias_armors:the_dames_armor_helmet":3,"aether:skyroot_stick":20,"minecraft:gold_nugget":107,"minecraft:cobbled_deepslate":1626,"minecraft:bucket":2,"aether:holystone_pickaxe":2,"minecraft:iron_pickaxe":3,"minecraft:melon_slice":77,"minecraft:stick":274,"iceandfire:ghost_chest":1,"iceandfire:crackled_dirt":9,"iceandfire:armor_copper_metal_leggings":1,"minecraft:torch":201,"minecraft:acacia_log":96,"minecraft:porkchop":6,"epicfight:skillbook":8,"iceandfire:rotten_egg":2,"iceandfire:crackled_gravel":43,"minecraft:diorite":3,"aether:zanite_axe":1,"minecraft:deepslate_tile_stairs":7,"aether:skyroot_pickaxe":2,"minecraft:orange_bed":3,"iceandfire:lightning_lily":1,"minecraft:rotten_flesh":200,"minecraft:light_blue_wool":1,"iceandfire:crackled_grass":1,"minecraft:glowstone":11,"minecraft:deepslate_brick_stairs":7,"aether:gravitite_ore":9,"minecraft:obsidian":25,"minecraft:cobblestone":1874,"minecraft:leather_chestplate":1,"minecraft:lilac":6,"minecraft:feather":24,"minecraft:cooked_beef":4,"minecraft:jungle_log":19,"minecraft:water_bucket":5,"minecraft:andesite":4,"aether:skyroot_poison_bucket":2,"minecraft:flint":1,"minecraft:tuff":535,"minecraft:map":3,"minecraft:lapis_lazuli":71,"aether:sentry_stone":6,"minecraft:dirt":1027,"aether:icestone":3,"minecraft:lantern":4,"minecraft:name_tag":1,"minecraft:bone":40,"minecraft:acacia_planks":347,"minecraft:stonecutter":2,"epicfight:iron_greatsword":2,"minecraft:bow":1,"minecraft:wheat_seeds":212,"minecraft:orange_tulip":3,"aether:holystone":66,"minecraft:raw_gold":4,"minecraft:bell":2,"aether:cold_aercloud":86,"minecraft:glowstone_dust":181,"minecraft:oak_planks":123,"minecraft:cooked_porkchop":37,"minecraft:sand":196,"aether:zanite_gemstone":12,"minecraft:ink_sac":6,"minecraft:grass_block":1,"iceandfire:dragonbone_sword_lightning":4,"minecraft:mossy_cobblestone":53,"minecraft:diamond":50,"minecraft:deepslate":165,"iceandfire:crackled_stone":22,"iceandfire:lectern":1,"aether:ambrosium_shard":96,"minecraft:crossbow":1,"minecraft:granite":1,"aether:swet_ball":8,"minecraft:grass":5,"minecraft:golden_apple":2,"minecraft:emerald":23,"iceandfire:dragonbone_bow":2,"minecraft:bread":65,"minecraft:oak_sapling":164,"minecraft:netherrack":221,"aether:blue_aercloud":8,"iceandfire:silver_nugget":30,"minecraft:crimson_roots":5,"minecraft:oak_leaves":108,"iceandfire:raw_silver":30,"minecraft:diamond_pickaxe":2,"aether:aechor_petal":2,"iceandfire:dragon_skull_lightning":5,"minecraft:crafting_table":4,"minecraft:chicken":7,"iceandfire:witherbone":2,"minecraft:clay_ball":84,"minecraft:leather_leggings":1,"minecraft:golden_pickaxe":3,"iceandfire:fire_lily":2,"aether:aether_dirt":5,"iceandfire:dragonbone_arrow":9,"minecraft:chain":4,"aether:poison_dart":10,"aether:blue_berry":7,"minecraft:cornflower":4,"minecraft:oak_trapdoor":17,"minecraft:compass":2,"iceandfire:bestiary":2,"minecraft:beef":8,"minecraft:jungle_sapling":4,"minecraft:iron_nugget":24,"minecraft:poppy":26,"minecraft:sugar_cane":36,"minecraft:chest":29,"minecraft:phantom_membrane":2,"minecraft:egg":17,"minecraft:black_stained_glass":2,"minecraft:raw_iron":117,"iceandfire:dragonbone":60,"minecraft:stone":11,"jet_and_elias_armors:gladiator_armor_boots":1,"minecraft:fire_charge":2,"minecraft:carrot":2,"minecraft:redstone":132,"aether:skyroot_log":47,"minecraft:arrow":43,"minecraft:weeping_vines":3,"minecraft:stone_shovel":1,"aether:zanite_sword":1,"minecraft:beetroot_seeds":4,"aether:purple_flower":2,"minecraft:saddle":5,"minecraft:glistering_melon_slice":5,"minecraft:glow_berries":4,"minecraft:mutton":15,"minecraft:white_wool":11,"minecraft:bone_block":8,"minecraft:rail":1,"aether:mossy_holystone":9,"iceandfire:silver_axe":3,"minecraft:stripped_oak_log":80,"minecraft:clock":2,"aether:skyroot_sapling":19,"minecraft:leather":15,"aether:cold_parachute":1,"minecraft:oak_log":655,"iceandfire:ectoplasm":2,"minecraft:golden_boots":2,"minecraft:nether_wart_block":12,"minecraft:gunpowder":24,"minecraft:paper":10,"minecraft:white_banner":8,"minecraft:cooked_mutton":5,"minecraft:apple":26,"jet_and_elias_armors:knight_m_pink_boots":2,"minecraft:kelp":193,"minecraft:iron_ingot":20,"minecraft:stone_pickaxe":1,"minecraft:cooked_chicken":2,"aether:berry_bush_stem":3,"minecraft:glass_bottle":6,"minecraft:iron_sword":1,"minecraft:acacia_sapling":36,"minecraft:soul_sand":98,"iceandfire:crackled_cobblestone":1,"minecraft:book":6,"aether:white_flower":4,"iceandfire:copper_nugget":220,"minecraft:warped_fungus":1,"epicfight:iron_spear":1,"iceandfire:dragonbone_sword":3,"aether:enchanted_dart":12,"minecraft:quartz":205,"minecraft:dandelion":1,"minecraft:gravel":33,"minecraft:spider_eye":9,"minecraft:stripped_jungle_log":1,"iceandfire:silver_pickaxe":7,"minecraft:iron_helmet":4,"minecraft:gray_wool":1,"aether:golden_dart":8,"minecraft:melon_seeds":9,"minecraft:black_wool":3,"minecraft:coal":257,"aether:blue_moa_egg":1,"minecraft:ender_pearl":3},"minecraft:dropped":{"minecraft:oak_log":70,"minecraft:emerald":9,"minecraft:dirt":22,"minecraft:grass":3,"minecraft:gold_nugget":1,"iceandfire:dragonbone_pickaxe":1,"minecraft:bone":2,"minecraft:cobbled_deepslate":54,"minecraft:wheat":2,"minecraft:oak_planks":4,"iceandfire:crackled_gravel":15,"minecraft:gunpowder":8,"minecraft:beetroot_seeds":2,"minecraft:arrow":18,"iceandfire:armor_copper_metal_leggings":1,"minecraft:wheat_seeds":68,"iceandfire:armor_copper_metal_chestplate":1,"minecraft:cobblestone":510,"minecraft:granite":1,"epicfight:iron_longsword":1,"iceandfire:copper_nugget":30,"minecraft:acacia_planks":64,"iceandfire:dragonbone":26,"epicfight:iron_spear":1,"minecraft:oak_trapdoor":8,"minecraft:tuff":64,"iceandfire:witherbone":1,"iceandfire:copper_sword":1,"aether:iron_gloves":1,"minecraft:diamond_pickaxe":2,"minecraft:andesite":1,"minecraft:oak_sapling":1,"iceandfire:dragonbone_sword_lightning":3,"iceandfire:dragon_skull_lightning":2},"minecraft:custom":{"minecraft:interact_with_crafting_table":121,"minecraft:open_barrel":4,"minecraft:leave_game":36,"minecraft:time_since_death":61176,"minecraft:sprint_one_cm":3141563,"minecraft:drop":61,"minecraft:talked_to_villager":6,"minecraft:play_time":1165425,"minecraft:deaths":8,"minecraft:jump":11512,"minecraft:walk_on_water_one_cm":188792,"minecraft:enchant_item":1,"minecraft:interact_with_furnace":114,"minecraft:interact_with_cartography_table":1,"minecraft:sleep_in_bed":16,"minecraft:damage_dealt":40242,"minecraft:crouch_one_cm":111351,"minecraft:interact_with_smoker":11,"minecraft:inspect_dispenser":1,"minecraft:horse_one_cm":1499643,"minecraft:interact_with_anvil":10,"minecraft:mob_kills":292,"minecraft:climb_one_cm":117653,"minecraft:walk_one_cm":5095516,"minecraft:damage_dealt_absorbed":582,"minecraft:raid_win":1,"minecraft:sneak_time":27336,"minecraft:walk_under_water_one_cm":139932,"minecraft:interact_with_blast_furnace":2,"minecraft:total_world_time":1165425,"minecraft:pot_flower":1,"minecraft:interact_with_stonecutter":14,"minecraft:interact_with_grindstone":1,"minecraft:time_since_rest":11805,"minecraft:damage_taken":10198,"minecraft:damage_absorbed":12265,"minecraft:swim_one_cm":140123,"minecraft:fly_one_cm":3727120,"minecraft:open_chest":585,"minecraft:fall_one_cm":322154},"minecraft:used":{"aether:ambrosium_torch":1,"minecraft:iron_shovel":934,"minecraft:polished_deepslate":62,"aether:zanite_sword":52,"minecraft:ladder":15,"minecraft:oak_sign":3,"minecraft:chest":30,"minecraft:iron_sword":19,"minecraft:soul_sand":2,"minecraft:deepslate_brick_slab":12,"minecraft:tuff":12,"minecraft:obsidian":16,"iceandfire:crackled_gravel":4,"minecraft:lantern":10,"minecraft:grass_block":1,"minecraft:golden_sword":62,"minecraft:oak_sapling":54,"minecraft:furnace":5,"minecraft:egg":1,"epicfight:skillbook":12,"minecraft:oak_planks":73,"aether:gravitite_ore":3,"minecraft:oak_leaves":22,"minecraft:cookie":9,"minecraft:blast_furnace":1,"iceandfire:dragonbone_sword_lightning":177,"iceandfire:silver_axe":137,"minecraft:shears":119,"minecraft:deepslate_brick_stairs":65,"iceandfire:silver_pickaxe":2143,"iceandfire:dragonbone_sword":183,"minecraft:melon_slice":22,"minecraft:bread":41,"minecraft:deepslate":13,"minecraft:smithing_table":1,"minecraft:oak_fence":33,"minecraft:oak_trapdoor":15,"minecraft:enchanting_table":1,"minecraft:flint_and_steel":1,"minecraft:stone_shovel":90,"aether:incubator":1,"minecraft:cooked_chicken":6,"minecraft:netherrack":176,"minecraft:orange_bed":3,"minecraft:oak_door":1,"minecraft:torch":511,"minecraft:anvil":1,"minecraft:dirt":329,"aether:altar":1,"minecraft:cobblestone_wall":2,"minecraft:bookshelf":23,"epicfight:iron_greatsword":157,"minecraft:iron_axe":809,"minecraft:oak_stairs":62,"minecraft:jungle_log":1,"minecraft:barrel":6,"minecraft:glowstone":15,"minecraft:black_stained_glass":15,"minecraft:deepslate_tile_stairs":9,"iceandfire:dragonbone_pickaxe":2,"minecraft:cooked_beef":4,"minecraft:cobbled_deepslate":262,"minecraft:acacia_planks":21,"aether:cold_parachute":2,"minecraft:cooked_mutton":13,"minecraft:water_bucket":66,"iceandfire:crackled_stone":1,"minecraft:stonecutter":3,"minecraft:deepslate_bricks":84,"aether:holystone_pickaxe":74,"minecraft:crafting_table":10,"minecraft:cod":1,"minecraft:smoker":1,"minecraft:oak_log":106,"minecraft:flower_pot":1,"minecraft:diamond_pickaxe":546,"minecraft:apple":25,"iceandfire:dragonbone_bow":17,"minecraft:iron_pickaxe":2328,"minecraft:map":1,"aether:zanite_axe":69,"minecraft:cobblestone":402,"aether:golden_parachute":19,"minecraft:white_banner":3,"minecraft:cooked_porkchop":32,"minecraft:bucket":68,"minecraft:glass_pane":10,"minecraft:stripped_oak_log":73,"iceandfire:silver_shovel":218,"minecraft:kelp":37},"minecraft:mined":{"minecraft:attached_melon_stem":1,"aether:cold_aercloud":53,"iceandfire:copper_pile":5,"minecraft:jungle_leaves":2,"minecraft:obsidian":25,"minecraft:granite":3,"minecraft:acacia_log":96,"minecraft:grass_block":486,"minecraft:jungle_log":21,"iceandfire:lectern":1,"minecraft:soul_soil":4,"minecraft:deepslate_tile_stairs":1,"minecraft:weeping_vines_plant":3,"minecraft:tall_seagrass":5,"aether:ambrosium_torch":1,"minecraft:glowstone":70,"minecraft:iron_ore":74,"minecraft:cobbled_deepslate":42,"minecraft:fire":39,"minecraft:deepslate_lapis_ore":3,"iceandfire:crackled_dirt":5,"minecraft:oak_stairs":3,"minecraft:deepslate_brick_stairs":7,"aether:purple_flower":2,"minecraft:orange_bed":3,"minecraft:deepslate_redstone_ore":29,"aether:holystone":64,"minecraft:melon_stem":2,"minecraft:kelp_plant":20,"minecraft:crimson_nylium":5,"minecraft:clay":22,"minecraft:torch":40,"aether:icestone":3,"minecraft:poppy":27,"minecraft:melon":18,"iceandfire:ghost_chest":1,"minecraft:chest":7,"minecraft:nether_quartz_ore":209,"aether:sentry_stone":3,"minecraft:cobblestone":231,"minecraft:oak_planks":3,"minecraft:sugar_cane":19,"minecraft:wall_torch":112,"minecraft:seagrass":9,"iceandfire:crackled_stone":8,"minecraft:nether_wart_block":5,"minecraft:wheat":82,"minecraft:lilac":7,"aether:aether_grass_block":3,"minecraft:warped_fungus":1,"minecraft:orange_tulip":1,"minecraft:wither_rose":2,"minecraft:grass":133,"minecraft:oak_log":356,"minecraft:sand":198,"minecraft:dirt":502,"aether:ambrosium_ore":57,"minecraft:stonecutter":2,"minecraft:netherrack":227,"minecraft:deepslate":1613,"minecraft:oak_leaves":156,"iceandfire:lightning_lily":1,"minecraft:nether_gold_ore":15,"minecraft:tuff":568,"iceandfire:silver_ore":18,"minecraft:mossy_cobblestone":54,"minecraft:deepslate_diamond_ore":29,"iceandfire:crackled_gravel":13,"aether:mossy_holystone":7,"minecraft:crimson_roots":2,"minecraft:weeping_vines":1,"aether:white_flower":4,"minecraft:kelp":4,"minecraft:oak_trapdoor":5,"aether:aether_dirt":11,"iceandfire:crackled_grass":1,"minecraft:andesite":2,"minecraft:polished_deepslate":2,"aether:skyroot_log":47,"minecraft:bookshelf":2,"minecraft:shroomlight":2,"minecraft:deepslate_iron_ore":12,"minecraft:vine":2,"minecraft:lantern":4,"minecraft:stripped_oak_log":81,"minecraft:stripped_jungle_log":1,"minecraft:stone":1170,"minecraft:bone_block":8,"aether:gravitite_ore":6,"aether:zanite_ore":4,"minecraft:soul_sand":36,"minecraft:dandelion":2,"minecraft:crafting_table":4,"minecraft:cornflower":3,"minecraft:copper_ore":4,"minecraft:tall_grass":4,"minecraft:lapis_ore":7,"minecraft:deepslate_gold_ore":3,"minecraft:diorite":3,"aether:skyroot_leaves":7,"aether:berry_bush":3,"minecraft:white_wall_banner":2,"minecraft:bee_nest":1,"iceandfire:silver_pile":9,"minecraft:coal_ore":246,"minecraft:gravel":22,"minecraft:acacia_planks":5,"minecraft:gold_ore":1,"aether:berry_bush_stem":3},"minecraft:killed":{"minecraft:cave_spider":1,"minecraft:zombified_piglin":2,"minecraft:spider":16,"minecraft:skeleton":24,"minecraft:bee":3,"minecraft:chicken":7,"aether:blue_swet":4,"minecraft:pig":1,"aether:sheepuff":1,"aether:aerwhale":1,"minecraft:creeper":3,"aether:phyg":1,"aether:aechor_plant":2,"iceandfire:cockatrice":1,"minecraft:sheep":9,"aether:zephyr":4,"minecraft:pillager":5,"minecraft:zombie":111,"iceandfire:lightning_dragon":1,"minecraft:cow":3,"aether:mimic":3,"aether:golden_swet":6,"minecraft:vindicator":2,"minecraft:phantom":2,"minecraft:horse":1,"minecraft:drowned":2,"aether:cockatrice":2,"minecraft:hoglin":3,"minecraft:squid":2,"minecraft:enderman":2}},"DataVersion":3465}