{"stats":{"minecraft:custom":{"minecraft:interact_with_anvil":10,"minecraft:mob_kills":146,"minecraft:interact_with_crafting_table":89,"minecraft:open_barrel":3,"minecraft:leave_game":24,"minecraft:time_since_death":249309,"minecraft:climb_one_cm":23153,"minecraft:sprint_one_cm":2016703,"minecraft:walk_one_cm":2801258,"minecraft:drop":37,"minecraft:damage_dealt_absorbed":348,"minecraft:talked_to_villager":5,"minecraft:raid_win":1,"minecraft:play_time":698857,"minecraft:sneak_time":13306,"minecraft:deaths":5,"minecraft:walk_under_water_one_cm":52623,"minecraft:jump":6517,"minecraft:walk_on_water_one_cm":51775,"minecraft:total_world_time":698857,"minecraft:interact_with_furnace":78,"minecraft:pot_flower":1,"minecraft:interact_with_stonecutter":12,"minecraft:interact_with_grindstone":1,"minecraft:sleep_in_bed":6,"minecraft:time_since_rest":27337,"minecraft:damage_taken":3478,"minecraft:damage_absorbed":5014,"minecraft:damage_dealt":29851,"minecraft:swim_one_cm":46605,"minecraft:fly_one_cm":2453865,"minecraft:open_chest":381,"minecraft:crouch_one_cm":46122,"minecraft:fall_one_cm":138544,"minecraft:horse_one_cm":753391},"minecraft:mined":{"minecraft:tuff":397,"iceandfire:silver_ore":12,"minecraft:deepslate_diamond_ore":12,"iceandfire:copper_pile":4,"iceandfire:crackled_gravel":13,"minecraft:obsidian":11,"minecraft:granite":3,"minecraft:acacia_log":96,"minecraft:grass_block":481,"minecraft:jungle_log":21,"minecraft:oak_trapdoor":4,"minecraft:iron_ore":66,"minecraft:fire":6,"minecraft:cobbled_deepslate":4,"iceandfire:crackled_grass":1,"minecraft:andesite":2,"minecraft:deepslate_lapis_ore":3,"iceandfire:crackled_dirt":5,"minecraft:polished_deepslate":2,"minecraft:deepslate_iron_ore":10,"minecraft:vine":2,"minecraft:oak_stairs":3,"minecraft:lantern":4,"minecraft:deepslate_brick_stairs":7,"minecraft:stripped_oak_log":81,"minecraft:stripped_jungle_log":1,"minecraft:stone":333,"minecraft:orange_bed":3,"minecraft:deepslate_redstone_ore":16,"minecraft:clay":22,"minecraft:crafting_table":4,"minecraft:torch":25,"minecraft:chest":5,"minecraft:tall_grass":1,"minecraft:cobblestone":14,"minecraft:deepslate_gold_ore":3,"minecraft:lapis_ore":7,"minecraft:oak_planks":3,"minecraft:sugar_cane":19,"minecraft:wall_torch":44,"minecraft:diorite":3,"minecraft:seagrass":1,"iceandfire:crackled_stone":8,"minecraft:lilac":7,"minecraft:orange_tulip":1,"minecraft:white_wall_banner":2,"minecraft:bee_nest":1,"minecraft:grass":89,"minecraft:coal_ore":135,"minecraft:oak_log":356,"minecraft:gravel":16,"minecraft:sand":29,"minecraft:dirt":452,"minecraft:stonecutter":2,"minecraft:gold_ore":1,"minecraft:oak_leaves":119,"minecraft:deepslate":1075},"minecraft:used":{"minecraft:oak_fence":33,"minecraft:oak_trapdoor":10,"minecraft:iron_shovel":934,"minecraft:polished_deepslate":62,"minecraft:stone_shovel":63,"minecraft:ladder":15,"minecraft:chest":22,"minecraft:iron_sword":19,"minecraft:cooked_chicken":2,"minecraft:orange_bed":3,"minecraft:oak_door":1,"minecraft:torch":325,"minecraft:anvil":1,"minecraft:dirt":316,"minecraft:deepslate_brick_slab":12,"iceandfire:crackled_gravel":4,"epicfight:iron_greatsword":157,"minecraft:lantern":10,"minecraft:iron_axe":778,"minecraft:oak_stairs":62,"minecraft:grass_block":1,"minecraft:jungle_log":1,"minecraft:barrel":6,"minecraft:oak_sapling":54,"minecraft:furnace":5,"minecraft:egg":1,"iceandfire:dragonbone_pickaxe":2,"minecraft:cobbled_deepslate":73,"minecraft:cooked_mutton":6,"minecraft:water_bucket":32,"epicfight:skillbook":10,"minecraft:oak_planks":73,"iceandfire:crackled_stone":1,"minecraft:stonecutter":3,"minecraft:deepslate_bricks":84,"minecraft:oak_leaves":22,"minecraft:crafting_table":10,"minecraft:cod":1,"iceandfire:dragonbone_sword_lightning":29,"minecraft:deepslate_brick_stairs":65,"minecraft:shears":80,"iceandfire:silver_pickaxe":1622,"minecraft:oak_log":106,"minecraft:flower_pot":1,"minecraft:diamond_pickaxe":10,"iceandfire:dragonbone_sword":183,"minecraft:apple":22,"minecraft:bread":41,"minecraft:iron_pickaxe":554,"minecraft:cobblestone":82,"minecraft:white_banner":3,"minecraft:smithing_table":1,"minecraft:cooked_porkchop":20,"minecraft:bucket":33,"minecraft:glass_pane":10,"minecraft:stripped_oak_log":73},"minecraft:picked_up":{"iceandfire:dragon_skull_lightning":4,"minecraft:crafting_table":4,"minecraft:wheat":2,"minecraft:chicken":3,"iceandfire:witherbone":1,"iceandfire:copper_sword":2,"minecraft:clay_ball":84,"iceandfire:fire_lily":2,"minecraft:golden_pickaxe":3,"minecraft:leather_leggings":1,"aether:iron_gloves":1,"jet_and_elias_armors:the_dames_armor_leggings":3,"iceandfire:armor_copper_metal_chestplate":3,"minecraft:oak_stairs":3,"minecraft:golden_shovel":2,"minecraft:chain":2,"minecraft:golden_sword":1,"epicfight:iron_longsword":2,"minecraft:string":27,"minecraft:cornflower":1,"minecraft:polished_deepslate":2,"iceandfire:manuscript":8,"minecraft:oak_trapdoor":4,"minecraft:compass":2,"jet_and_elias_armors:heavy_knight_armor_chestplate":1,"jet_and_elias_armors:the_dames_armor_helmet":3,"iceandfire:bestiary":2,"minecraft:gold_nugget":49,"minecraft:cobbled_deepslate":1048,"minecraft:beef":6,"minecraft:jungle_sapling":4,"minecraft:iron_nugget":24,"minecraft:iron_pickaxe":3,"minecraft:sugar_cane":36,"minecraft:egg":16,"minecraft:chest":5,"minecraft:phantom_membrane":2,"minecraft:raw_iron":107,"minecraft:stick":161,"iceandfire:dragonbone":39,"iceandfire:crackled_dirt":9,"iceandfire:armor_copper_metal_leggings":1,"minecraft:torch":73,"jet_and_elias_armors:gladiator_armor_boots":1,"minecraft:acacia_log":96,"epicfight:skillbook":6,"minecraft:fire_charge":2,"minecraft:porkchop":3,"iceandfire:crackled_gravel":43,"iceandfire:rotten_egg":2,"minecraft:diorite":3,"minecraft:carrot":2,"minecraft:redstone":70,"minecraft:orange_bed":3,"minecraft:arrow":43,"minecraft:rotten_flesh":117,"iceandfire:crackled_grass":1,"minecraft:saddle":5,"minecraft:glistering_melon_slice":5,"minecraft:mutton":6,"minecraft:obsidian":11,"minecraft:deepslate_brick_stairs":7,"minecraft:glow_berries":4,"minecraft:rail":1,"minecraft:white_wool":3,"minecraft:cobblestone":348,"minecraft:stripped_oak_log":80,"minecraft:leather_chestplate":1,"minecraft:feather":3,"minecraft:lilac":6,"minecraft:jungle_log":19,"minecraft:water_bucket":2,"minecraft:andesite":4,"minecraft:leather":8,"minecraft:tuff":365,"minecraft:oak_log":655,"minecraft:gunpowder":5,"minecraft:map":3,"minecraft:lapis_lazuli":71,"minecraft:dirt":933,"minecraft:paper":10,"minecraft:lantern":4,"minecraft:white_banner":8,"minecraft:name_tag":1,"minecraft:bone":24,"jet_and_elias_armors:knight_m_pink_boots":2,"minecraft:apple":26,"minecraft:wheat_seeds":68,"minecraft:bow":1,"epicfight:iron_greatsword":2,"minecraft:stonecutter":2,"minecraft:orange_tulip":3,"minecraft:raw_gold":4,"minecraft:bell":2,"minecraft:iron_ingot":16,"minecraft:stone_pickaxe":1,"minecraft:cooked_chicken":2,"minecraft:glass_bottle":6,"minecraft:oak_planks":123,"minecraft:iron_sword":1,"minecraft:acacia_sapling":36,"iceandfire:crackled_cobblestone":1,"iceandfire:copper_nugget":220,"minecraft:cooked_porkchop":23,"epicfight:iron_spear":1,"iceandfire:dragonbone_sword":3,"minecraft:gravel":24,"minecraft:sand":28,"minecraft:grass_block":1,"iceandfire:dragonbone_sword_lightning":1,"minecraft:spider_eye":8,"minecraft:stripped_jungle_log":1,"iceandfire:silver_pickaxe":4,"minecraft:diamond":15,"iceandfire:crackled_stone":22,"minecraft:crossbow":1,"minecraft:granite":1,"minecraft:grass":5,"minecraft:golden_apple":2,"minecraft:gray_wool":1,"iceandfire:dragonbone_bow":1,"minecraft:emerald":23,"minecraft:bread":64,"minecraft:oak_sapling":163,"minecraft:black_wool":2,"minecraft:coal":135,"minecraft:oak_leaves":77,"iceandfire:raw_silver":13,"minecraft:ender_pearl":3},"minecraft:dropped":{"minecraft:wheat_seeds":3,"minecraft:oak_log":70,"iceandfire:armor_copper_metal_chestplate":1,"minecraft:cobblestone":4,"minecraft:granite":1,"epicfight:iron_longsword":1,"minecraft:emerald":9,"minecraft:dirt":22,"minecraft:grass":3,"iceandfire:copper_nugget":30,"iceandfire:dragonbone_pickaxe":1,"iceandfire:dragonbone":26,"epicfight:iron_spear":1,"minecraft:cobbled_deepslate":1,"minecraft:tuff":64,"minecraft:wheat":1,"iceandfire:witherbone":1,"minecraft:oak_planks":4,"iceandfire:crackled_gravel":15,"iceandfire:copper_sword":1,"aether:iron_gloves":1,"minecraft:andesite":1,"minecraft:arrow":18,"iceandfire:dragonbone_sword_lightning":3,"iceandfire:armor_copper_metal_leggings":1,"iceandfire:dragon_skull_lightning":2},"minecraft:killed":{"minecraft:cave_spider":1,"minecraft:spider":16,"minecraft:vindicator":2,"minecraft:phantom":2,"minecraft:horse":1,"minecraft:skeleton":23,"minecraft:bee":3,"minecraft:chicken":3,"minecraft:pig":1,"minecraft:creeper":2,"minecraft:sheep":3,"minecraft:pillager":5,"minecraft:zombie":68,"iceandfire:lightning_dragon":1,"minecraft:enderman":2,"minecraft:cow":2},"minecraft:broken":{"minecraft:iron_shovel":3,"jet_and_elias_armors:gladiator_armor_boots":1,"iceandfire:silver_pickaxe":3,"jet_and_elias_armors:heavy_knight_armor_chestplate":1,"minecraft:iron_axe":2,"minecraft:iron_pickaxe":3},"minecraft:crafted":{"minecraft:brick":4,"minecraft:oak_door":3,"minecraft:oak_planks":592,"minecraft:barrel":6,"minecraft:stone_shovel":1,"minecraft:iron_nugget":128,"minecraft:oak_pressure_plate":1,"minecraft:cooked_chicken":2,"minecraft:furnace":5,"minecraft:stone":38,"minecraft:bookshelf":10,"minecraft:cooked_mutton":6,"minecraft:glass_pane":16,"minecraft:oak_trapdoor":6,"minecraft:glass":28,"minecraft:lantern":6,"minecraft:iron_boots":1,"iceandfire:dragonbone_sword_lightning":3,"minecraft:iron_axe":2,"minecraft:ladder":15,"minecraft:chest":15,"minecraft:oak_fence":33,"minecraft:flower_pot":1,"minecraft:glass_bottle":3,"iceandfire:dragonbone_sword":2,"minecraft:oak_slab":48,"minecraft:deepslate":82,"iceandfire:silver_ingot":13,"minecraft:cooked_porkchop":3,"minecraft:crafting_table":7,"minecraft:enchanting_table":1,"minecraft:deepslate_brick_slab":30,"minecraft:smithing_table":1,"minecraft:clock":1,"iceandfire:pixie_jar_empty":2,"minecraft:bucket":1,"jet_and_elias_armors:knight_m_pink_boots":1,"iceandfire:dragonbone_pickaxe":1,"minecraft:air":0,"minecraft:jungle_planks":4,"minecraft:diamond_pickaxe":1,"minecraft:stick":144,"minecraft:iron_ingot":85,"minecraft:iron_pickaxe":1,"minecraft:oak_stairs":76,"minecraft:iron_block":4,"minecraft:iron_shovel":8,"minecraft:gold_ingot":13,"minecraft:stonecutter":1,"minecraft:anvil":1,"minecraft:acacia_planks":128,"minecraft:torch":288,"iceandfire:silver_pickaxe":4,"minecraft:shears":1},"minecraft:killed_by":{"iceandfire:lightning_dragon":4,"minecraft:zombie":1}},"DataVersion":3465}