{"stats":{"minecraft:killed_by":{"iceandfire:lightning_dragon":4,"minecraft:zombie":1},"minecraft:crafted":{"minecraft:oak_planks":96,"minecraft:furnace":4,"minecraft:bookshelf":10,"minecraft:cooked_mutton":2,"minecraft:glass":28,"minecraft:iron_boots":1,"minecraft:iron_axe":1,"minecraft:chest":7,"minecraft:glass_bottle":3,"iceandfire:dragonbone_sword":2,"minecraft:deepslate":25,"iceandfire:silver_ingot":13,"minecraft:crafting_table":6,"minecraft:enchanting_table":1,"iceandfire:pixie_jar_empty":2,"minecraft:bucket":1,"jet_and_elias_armors:knight_m_pink_boots":1,"minecraft:air":0,"minecraft:diamond_pickaxe":1,"minecraft:stick":56,"minecraft:iron_ingot":75,"minecraft:iron_pickaxe":1,"minecraft:iron_block":4,"minecraft:iron_shovel":7,"minecraft:anvil":1,"minecraft:acacia_planks":96,"minecraft:torch":200,"iceandfire:silver_pickaxe":4},"minecraft:broken":{"minecraft:iron_shovel":3,"jet_and_elias_armors:gladiator_armor_boots":1,"jet_and_elias_armors:heavy_knight_armor_chestplate":1,"iceandfire:silver_pickaxe":2,"minecraft:iron_axe":1,"minecraft:iron_pickaxe":1},"minecraft:picked_up":{"iceandfire:dragon_skull_lightning":4,"minecraft:crafting_table":2,"minecraft:wheat":2,"iceandfire:witherbone":1,"iceandfire:copper_sword":2,"minecraft:chicken":1,"minecraft:golden_pickaxe":3,"minecraft:leather_leggings":1,"iceandfire:fire_lily":2,"aether:iron_gloves":1,"jet_and_elias_armors:the_dames_armor_leggings":3,"iceandfire:armor_copper_metal_chestplate":3,"minecraft:golden_shovel":2,"minecraft:chain":2,"minecraft:golden_sword":1,"epicfight:iron_longsword":1,"minecraft:cornflower":1,"iceandfire:manuscript":8,"minecraft:string":25,"minecraft:compass":2,"jet_and_elias_armors:heavy_knight_armor_chestplate":1,"jet_and_elias_armors:the_dames_armor_helmet":3,"iceandfire:bestiary":2,"minecraft:gold_nugget":48,"minecraft:cobbled_deepslate":764,"minecraft:beef":6,"minecraft:jungle_sapling":4,"minecraft:iron_nugget":17,"minecraft:iron_pickaxe":3,"minecraft:sugar_cane":36,"minecraft:egg":12,"minecraft:stick":105,"minecraft:raw_iron":107,"iceandfire:dragonbone":39,"iceandfire:crackled_dirt":9,"iceandfire:armor_copper_metal_leggings":1,"minecraft:acacia_log":96,"minecraft:torch":49,"jet_and_elias_armors:gladiator_armor_boots":1,"epicfight:skillbook":6,"minecraft:fire_charge":2,"minecraft:porkchop":3,"iceandfire:crackled_gravel":42,"iceandfire:rotten_egg":1,"minecraft:diorite":3,"minecraft:carrot":2,"minecraft:redstone":70,"minecraft:orange_bed":1,"minecraft:arrow":39,"minecraft:rotten_flesh":110,"iceandfire:crackled_grass":1,"minecraft:saddle":5,"minecraft:glistering_melon_slice":5,"minecraft:obsidian":10,"minecraft:glow_berries":4,"minecraft:mutton":2,"minecraft:rail":1,"minecraft:white_wool":1,"minecraft:cobblestone":99,"minecraft:feather":3,"minecraft:leather_chestplate":1,"minecraft:lilac":6,"minecraft:water_bucket":2,"minecraft:jungle_log":19,"minecraft:andesite":4,"minecraft:leather":8,"minecraft:tuff":365,"minecraft:oak_log":473,"minecraft:gunpowder":5,"minecraft:lapis_lazuli":71,"minecraft:map":3,"minecraft:paper":10,"minecraft:dirt":818,"minecraft:white_banner":6,"minecraft:name_tag":1,"minecraft:bone":24,"minecraft:apple":19,"jet_and_elias_armors:knight_m_pink_boots":2,"epicfight:iron_greatsword":2,"minecraft:orange_tulip":3,"minecraft:bow":1,"minecraft:wheat_seeds":63,"minecraft:cooked_chicken":2,"minecraft:raw_gold":4,"minecraft:bell":2,"minecraft:iron_ingot":1,"minecraft:stone_pickaxe":1,"minecraft:glass_bottle":6,"minecraft:iron_sword":1,"minecraft:acacia_sapling":36,"minecraft:oak_planks":120,"iceandfire:crackled_cobblestone":1,"iceandfire:copper_nugget":220,"minecraft:cooked_porkchop":23,"epicfight:iron_spear":1,"iceandfire:dragonbone_sword":3,"minecraft:gravel":24,"minecraft:sand":28,"minecraft:grass_block":1,"minecraft:spider_eye":7,"iceandfire:silver_pickaxe":4,"minecraft:diamond":13,"iceandfire:crackled_stone":22,"minecraft:crossbow":1,"minecraft:granite":1,"minecraft:golden_apple":2,"minecraft:gray_wool":1,"iceandfire:dragonbone_bow":1,"minecraft:bread":64,"minecraft:emerald":23,"minecraft:oak_sapling":79,"minecraft:black_wool":2,"minecraft:coal":89,"iceandfire:raw_silver":13,"minecraft:ender_pearl":3},"minecraft:dropped":{"minecraft:oak_log":70,"iceandfire:armor_copper_metal_chestplate":1,"minecraft:cobblestone":4,"minecraft:granite":1,"minecraft:emerald":9,"epicfight:iron_longsword":1,"iceandfire:copper_nugget":30,"iceandfire:dragonbone":26,"epicfight:iron_spear":1,"minecraft:cobbled_deepslate":1,"minecraft:tuff":64,"minecraft:wheat":1,"iceandfire:witherbone":1,"minecraft:oak_planks":4,"iceandfire:crackled_gravel":15,"iceandfire:copper_sword":1,"aether:iron_gloves":1,"minecraft:andesite":1,"minecraft:arrow":16,"iceandfire:armor_copper_metal_leggings":1,"iceandfire:dragon_skull_lightning":2},"minecraft:custom":{"minecraft:mob_kills":130,"minecraft:interact_with_anvil":10,"minecraft:interact_with_crafting_table":41,"minecraft:open_barrel":3,"minecraft:leave_game":14,"minecraft:time_since_death":37759,"minecraft:climb_one_cm":210,"minecraft:sprint_one_cm":1508396,"minecraft:walk_one_cm":1876067,"minecraft:drop":26,"minecraft:damage_dealt_absorbed":310,"minecraft:talked_to_villager":5,"minecraft:raid_win":1,"minecraft:play_time":487307,"minecraft:deaths":5,"minecraft:sneak_time":6768,"minecraft:walk_under_water_one_cm":26925,"minecraft:jump":4308,"minecraft:walk_on_water_one_cm":41958,"minecraft:total_world_time":487307,"minecraft:interact_with_furnace":56,"minecraft:interact_with_grindstone":1,"minecraft:sleep_in_bed":3,"minecraft:time_since_rest":26344,"minecraft:damage_taken":3438,"minecraft:damage_absorbed":3265,"minecraft:damage_dealt":27789,"minecraft:swim_one_cm":38368,"minecraft:fly_one_cm":1522999,"minecraft:open_chest":187,"minecraft:crouch_one_cm":21252,"minecraft:fall_one_cm":91114,"minecraft:horse_one_cm":753391},"minecraft:used":{"minecraft:iron_shovel":911,"minecraft:chest":9,"minecraft:iron_sword":19,"minecraft:orange_bed":1,"minecraft:torch":287,"minecraft:dirt":131,"minecraft:anvil":1,"iceandfire:crackled_gravel":4,"epicfight:iron_greatsword":156,"minecraft:iron_axe":362,"minecraft:oak_sapling":10,"minecraft:furnace":4,"minecraft:cobbled_deepslate":47,"minecraft:water_bucket":21,"epicfight:skillbook":10,"iceandfire:crackled_stone":1,"minecraft:crafting_table":8,"minecraft:cod":1,"iceandfire:silver_pickaxe":1254,"minecraft:diamond_pickaxe":10,"iceandfire:dragonbone_sword":183,"minecraft:apple":13,"minecraft:bread":41,"minecraft:iron_pickaxe":314,"minecraft:cobblestone":61,"minecraft:cooked_porkchop":17,"minecraft:bucket":23},"minecraft:mined":{"minecraft:tuff":397,"iceandfire:silver_ore":12,"minecraft:deepslate_diamond_ore":10,"iceandfire:copper_pile":4,"iceandfire:crackled_gravel":12,"minecraft:obsidian":10,"minecraft:granite":3,"minecraft:acacia_log":96,"minecraft:grass_block":461,"minecraft:jungle_log":21,"minecraft:iron_ore":66,"minecraft:cobbled_deepslate":4,"iceandfire:crackled_grass":1,"minecraft:andesite":2,"minecraft:deepslate_lapis_ore":3,"iceandfire:crackled_dirt":5,"minecraft:vine":2,"minecraft:deepslate_iron_ore":10,"minecraft:stone":85,"minecraft:orange_bed":1,"minecraft:deepslate_redstone_ore":16,"minecraft:crafting_table":2,"minecraft:torch":19,"minecraft:tall_grass":1,"minecraft:cobblestone":10,"minecraft:lapis_ore":7,"minecraft:deepslate_gold_ore":3,"minecraft:sugar_cane":19,"minecraft:diorite":3,"minecraft:wall_torch":27,"iceandfire:crackled_stone":8,"minecraft:lilac":7,"minecraft:orange_tulip":1,"minecraft:bee_nest":1,"minecraft:grass":65,"minecraft:oak_log":174,"minecraft:coal_ore":89,"minecraft:gravel":16,"minecraft:sand":29,"minecraft:dirt":352,"minecraft:gold_ore":1,"minecraft:oak_leaves":20,"minecraft:deepslate":787},"minecraft:killed":{"minecraft:cave_spider":1,"minecraft:vindicator":2,"minecraft:spider":15,"minecraft:phantom":2,"minecraft:skeleton":22,"minecraft:horse":1,"minecraft:bee":3,"minecraft:chicken":1,"minecraft:pig":1,"minecraft:creeper":2,"minecraft:sheep":2,"minecraft:pillager":5,"minecraft:zombie":64,"iceandfire:lightning_dragon":1,"minecraft:cow":2,"minecraft:enderman":2}},"DataVersion":3465}