{"stats":{"minecraft:killed_by":{"eeeabsmobs:corpse_warlock":1,"minecraft:zombie":1,"aether:slider":1,"iceandfire:lightning_dragon":4},"minecraft:crafted":{"minecraft:brick":4,"minecraft:black_dye":6,"minecraft:smooth_stone":8,"minecraft:oak_planks":592,"minecraft:barrel":6,"minecraft:oak_sign":6,"minecraft:blaze_powder":6,"minecraft:birch_boat":1,"minecraft:oak_pressure_plate":1,"minecraft:cooked_chicken":6,"iceandfire:silver_shovel":1,"aether:ambrosium_block":2,"minecraft:slime_block":1,"minecraft:stone":54,"minecraft:bookshelf":23,"minecraft:cooked_mutton":17,"aether:incubator":1,"aether:golden_parachute":2,"minecraft:glass":68,"minecraft:diamond_leggings":2,"minecraft:iron_boots":1,"iceandfire:dragonbone_sword_lightning":3,"iceandfire:armor_green_helmet":1,"iceandfire:dragonbone_arrow":40,"aether:golden_aercloud":9,"minecraft:chest":25,"minecraft:oak_fence":33,"minecraft:flower_pot":1,"minecraft:golden_boots":1,"minecraft:smoker":1,"iceandfire:silver_axe":1,"minecraft:glass_bottle":27,"minecraft:oak_slab":48,"minecraft:deepslate":82,"minecraft:cooked_porkchop":18,"minecraft:crafting_table":10,"minecraft:smithing_table":1,"minecraft:clock":1,"iceandfire:wither_shard":9,"minecraft:brewing_stand":1,"iceandfire:earplugs":3,"minecraft:birch_planks":24,"minecraft:book":1,"minecraft:paper":3,"minecraft:diamond_pickaxe":1,"minecraft:shield":1,"minecraft:stick":196,"minecraft:iron_ingot":117,"minecraft:iron_pickaxe":8,"minecraft:iron_block":4,"minecraft:gold_ingot":13,"aether:book_of_lore":1,"minecraft:shears":1,"minecraft:oak_door":3,"minecraft:stone_shovel":1,"minecraft:iron_nugget":128,"aether:enchanted_gravitite":3,"minecraft:furnace":7,"minecraft:blast_furnace":1,"minecraft:glass_pane":16,"minecraft:oak_trapdoor":14,"minecraft:flint_and_steel":1,"aether:zanite_sword":1,"minecraft:lantern":6,"aether:altar":1,"minecraft:iron_axe":2,"minecraft:ladder":15,"minecraft:slime_ball":9,"minecraft:cobblestone_wall":6,"minecraft:diamond_boots":1,"aether:cold_parachute":5,"aether:skyroot_planks":8,"minecraft:magma_cream":3,"minecraft:cooked_beef":9,"minecraft:red_dye":26,"iceandfire:dragonbone_sword":2,"iceandfire:silver_ingot":33,"minecraft:enchanting_table":1,"minecraft:deepslate_brick_slab":30,"iceandfire:pixie_jar_empty":2,"minecraft:bucket":3,"minecraft:glowstone":16,"jet_and_elias_armors:knight_m_pink_boots":1,"minecraft:air":0,"iceandfire:dragonbone_pickaxe":1,"minecraft:jungle_planks":76,"minecraft:black_stained_glass":16,"minecraft:oak_stairs":76,"minecraft:iron_shovel":8,"minecraft:deepslate_tile_stairs":10,"minecraft:stonecutter":1,"minecraft:anvil":1,"minecraft:acacia_planks":376,"minecraft:torch":484,"iceandfire:silver_pickaxe":5,"aether:gravitite_pickaxe":2,"minecraft:diamond_chestplate":1},"minecraft:broken":{"minecraft:iron_shovel":3,"minecraft:golden_boots":1,"iceandfire:silver_pickaxe":4,"jet_and_elias_armors:heavy_knight_armor_chestplate":1,"minecraft:golden_sword":1,"minecraft:golden_chestplate":1,"aether:golden_parachute":2,"jet_and_elias_armors:gladiator_armor_boots":1,"iceandfire:earplugs":1,"aether:cold_parachute":5,"minecraft:iron_axe":3,"minecraft:iron_pickaxe":10,"iceandfire:armor_copper_metal_chestplate":1},"minecraft:picked_up":{"aether:carved_stone":3,"minecraft:wheat":68,"iceandfire:copper_sword":2,"minecraft:prismarine_shard":2,"aether:iron_gloves":1,"jet_and_elias_armors:the_dames_armor_leggings":6,"iceandfire:armor_copper_metal_chestplate":3,"minecraft:oak_stairs":3,"minecraft:potion":2,"minecraft:wither_rose":2,"minecraft:golden_shovel":2,"aether:ambrosium_torch":12,"minecraft:golden_sword":1,"epicfight:iron_longsword":2,"minecraft:polished_deepslate":2,"iceandfire:manuscript":9,"minecraft:string":43,"minecraft:soul_soil":2,"minecraft:raw_copper":9,"jet_and_elias_armors:heavy_knight_armor_chestplate":1,"minecraft:shroomlight":2,"jet_and_elias_armors:the_dames_armor_helmet":3,"aether:skyroot_stick":20,"minecraft:diamond_leggings":1,"minecraft:gold_nugget":666,"minecraft:cobbled_deepslate":1800,"minecraft:bucket":2,"aether:holystone_pickaxe":2,"minecraft:iron_pickaxe":3,"minecraft:melon_slice":120,"minecraft:stick":278,"iceandfire:ghost_chest":2,"iceandfire:crackled_dirt":9,"iceandfire:armor_copper_metal_leggings":1,"minecraft:torch":328,"minecraft:acacia_log":98,"epicfight:skillbook":13,"minecraft:porkchop":18,"aether:gravitite_pickaxe":1,"iceandfire:crackled_gravel":43,"iceandfire:rotten_egg":2,"minecraft:diorite":3,"aether:zanite_axe":1,"minecraft:deepslate_tile_stairs":7,"minecraft:golden_chestplate":1,"aether:skyroot_pickaxe":2,"minecraft:orange_bed":3,"iceandfire:lightning_lily":1,"minecraft:stone_sword":2,"minecraft:rotten_flesh":308,"minecraft:light_blue_wool":1,"iceandfire:fire_dragon_heart":1,"iceandfire:crackled_grass":1,"minecraft:glowstone":19,"aether:gravitite_ore":9,"iceandfire:armor_green_helmet":1,"minecraft:obsidian":25,"minecraft:blaze_rod":11,"minecraft:deepslate_brick_stairs":7,"minecraft:cobblestone":1884,"minecraft:birch_log":6,"minecraft:leather_chestplate":1,"minecraft:lilac":6,"minecraft:feather":29,"minecraft:cooked_beef":4,"minecraft:andesite":4,"minecraft:water_bucket":5,"minecraft:jungle_log":19,"aether:skyroot_poison_bucket":2,"minecraft:flint":1,"minecraft:tuff":535,"minecraft:map":3,"minecraft:lapis_lazuli":71,"aether:sentry_stone":6,"minecraft:dirt":1032,"aether:icestone":3,"minecraft:lantern":4,"minecraft:name_tag":1,"minecraft:bone":56,"minecraft:acacia_planks":351,"minecraft:stonecutter":2,"epicfight:iron_greatsword":2,"minecraft:bow":1,"minecraft:wheat_seeds":212,"minecraft:orange_tulip":3,"aether:holystone":73,"minecraft:raw_gold":4,"minecraft:bell":2,"aether:cold_aercloud":86,"minecraft:glowstone_dust":181,"minecraft:oak_planks":123,"minecraft:cooked_porkchop":61,"iceandfire:dragon_skull_fire":1,"iceandfire:shiny_scales":5,"minecraft:sand":196,"aether:zanite_gemstone":12,"minecraft:ink_sac":6,"minecraft:grass_block":1,"iceandfire:dragonbone_sword_lightning":5,"minecraft:mossy_cobblestone":53,"minecraft:deepslate":165,"minecraft:diamond":55,"iceandfire:crackled_stone":22,"iceandfire:lectern":1,"aether:ambrosium_shard":96,"minecraft:crossbow":1,"minecraft:granite":1,"aether:swet_ball":16,"minecraft:grass":5,"minecraft:golden_apple":2,"iceandfire:dragonbone_bow":2,"minecraft:emerald":23,"minecraft:bread":65,"minecraft:oak_sapling":164,"minecraft:netherrack":548,"aether:blue_aercloud":15,"iceandfire:silver_nugget":30,"iceandfire:raw_silver":30,"minecraft:oak_leaves":108,"minecraft:crimson_roots":5,"minecraft:diamond_pickaxe":3,"aether:aechor_petal":3,"iceandfire:dragon_skull_lightning":5,"minecraft:crafting_table":4,"minecraft:chicken":7,"iceandfire:witherbone":11,"minecraft:nether_wart":39,"minecraft:clay_ball":84,"iceandfire:fire_lily":2,"aether:aether_dirt":9,"minecraft:golden_pickaxe":3,"minecraft:leather_leggings":1,"iceandfire:dragonbone_arrow":9,"minecraft:chain":4,"aether:poison_dart":10,"aether:blue_berry":7,"minecraft:cornflower":4,"minecraft:oak_trapdoor":17,"minecraft:compass":2,"minecraft:blackstone":18,"iceandfire:bestiary":2,"minecraft:beef":15,"minecraft:jungle_sapling":4,"minecraft:iron_nugget":24,"minecraft:poppy":26,"minecraft:sugar_cane":36,"minecraft:egg":17,"minecraft:chest":29,"minecraft:birch_sapling":3,"minecraft:phantom_membrane":2,"minecraft:black_stained_glass":2,"minecraft:raw_iron":117,"iceandfire:dragonbone":66,"iceandfire:dragonscales_green":10,"minecraft:stone":11,"aether:golden_parachute":1,"jet_and_elias_armors:gladiator_armor_boots":1,"minecraft:fire_charge":2,"minecraft:carrot":2,"minecraft:redstone":221,"minecraft:prismarine_crystals":3,"aether:skyroot_log":47,"minecraft:arrow":63,"minecraft:weeping_vines":3,"minecraft:stone_shovel":1,"aether:zanite_sword":2,"minecraft:beetroot_seeds":4,"minecraft:nether_bricks":26,"minecraft:diamond_boots":1,"minecraft:saddle":5,"minecraft:glistering_melon_slice":5,"aether:purple_flower":2,"minecraft:white_wool":12,"minecraft:glow_berries":4,"minecraft:mutton":17,"minecraft:skeleton_skull":2,"minecraft:bone_block":8,"minecraft:rail":1,"aether:mossy_holystone":9,"minecraft:stripped_oak_log":80,"iceandfire:silver_axe":4,"minecraft:air":0,"minecraft:clock":2,"aether:skyroot_sapling":19,"minecraft:salmon":3,"minecraft:leather":18,"aether:cold_parachute":1,"minecraft:oak_log":655,"iceandfire:ectoplasm":2,"minecraft:golden_boots":2,"minecraft:nether_wart_block":13,"minecraft:gunpowder":24,"minecraft:paper":10,"minecraft:white_banner":8,"minecraft:cooked_mutton":5,"minecraft:apple":26,"jet_and_elias_armors:knight_m_pink_boots":2,"minecraft:kelp":193,"minecraft:iron_ingot":20,"minecraft:stone_pickaxe":1,"minecraft:cooked_chicken":6,"aether:berry_bush_stem":3,"minecraft:glass_bottle":6,"minecraft:iron_sword":1,"iceandfire:fire_dragon_flesh":1,"minecraft:acacia_sapling":39,"minecraft:soul_sand":101,"iceandfire:crackled_cobblestone":1,"minecraft:book":6,"aether:white_flower":4,"iceandfire:copper_nugget":220,"minecraft:warped_fungus":1,"minecraft:black_candle":40,"epicfight:iron_spear":1,"iceandfire:dragonbone_sword":3,"aether:enchanted_dart":12,"minecraft:quartz":498,"minecraft:dandelion":1,"minecraft:gravel":33,"minecraft:crying_obsidian":2,"minecraft:spider_eye":9,"minecraft:stripped_jungle_log":1,"iceandfire:silver_pickaxe":7,"minecraft:iron_helmet":4,"minecraft:gray_wool":1,"aether:golden_dart":8,"minecraft:melon_seeds":9,"minecraft:black_wool":3,"minecraft:coal":281,"aether:blue_moa_egg":2,"minecraft:ender_pearl":3},"minecraft:dropped":{"minecraft:oak_log":70,"minecraft:emerald":9,"minecraft:dirt":27,"minecraft:grass":3,"minecraft:gold_nugget":1,"iceandfire:dragonbone_pickaxe":1,"minecraft:bone":2,"minecraft:cobbled_deepslate":54,"minecraft:wheat":2,"minecraft:oak_planks":4,"iceandfire:crackled_gravel":15,"minecraft:gunpowder":8,"minecraft:beetroot_seeds":2,"minecraft:arrow":18,"iceandfire:armor_copper_metal_leggings":1,"minecraft:wheat_seeds":68,"iceandfire:armor_copper_metal_chestplate":1,"minecraft:cobblestone":576,"minecraft:granite":1,"minecraft:stick":2,"epicfight:iron_longsword":1,"iceandfire:copper_nugget":30,"minecraft:nether_wart_block":1,"minecraft:smooth_stone":5,"minecraft:acacia_planks":64,"iceandfire:dragonbone":26,"epicfight:iron_spear":1,"minecraft:oak_trapdoor":8,"minecraft:tuff":64,"iceandfire:witherbone":1,"iceandfire:copper_sword":1,"aether:iron_gloves":1,"minecraft:diamond_pickaxe":2,"minecraft:andesite":1,"minecraft:oak_sapling":1,"iceandfire:dragonbone_sword_lightning":3,"iceandfire:dragon_skull_lightning":2},"minecraft:custom":{"minecraft:interact_with_crafting_table":133,"minecraft:open_barrel":4,"minecraft:leave_game":39,"minecraft:time_since_death":111394,"minecraft:sprint_one_cm":4119039,"minecraft:damage_blocked_by_shield":1290,"minecraft:drop":68,"minecraft:talked_to_villager":12,"minecraft:play_time":1501073,"minecraft:deaths":9,"minecraft:jump":14577,"minecraft:interact_with_brewingstand":15,"minecraft:walk_on_water_one_cm":243334,"minecraft:enchant_item":1,"minecraft:interact_with_furnace":120,"minecraft:interact_with_cartography_table":1,"minecraft:sleep_in_bed":19,"minecraft:damage_dealt":59650,"minecraft:crouch_one_cm":153969,"minecraft:inspect_dispenser":1,"minecraft:interact_with_smoker":21,"minecraft:horse_one_cm":1499643,"minecraft:interact_with_anvil":10,"minecraft:mob_kills":495,"minecraft:climb_one_cm":153994,"minecraft:walk_one_cm":6206225,"minecraft:damage_dealt_absorbed":1043,"minecraft:raid_win":1,"minecraft:sneak_time":35130,"minecraft:walk_under_water_one_cm":193406,"minecraft:boat_one_cm":236880,"minecraft:interact_with_blast_furnace":3,"minecraft:total_world_time":1501073,"minecraft:pot_flower":1,"minecraft:interact_with_stonecutter":14,"minecraft:interact_with_grindstone":1,"minecraft:time_since_rest":40882,"minecraft:damage_taken":11381,"minecraft:damage_absorbed":19058,"minecraft:trigger_trapped_chest":21,"minecraft:swim_one_cm":237819,"minecraft:fly_one_cm":4637284,"minecraft:open_chest":709,"minecraft:fall_one_cm":365663},"minecraft:used":{"aether:ambrosium_torch":1,"minecraft:iron_shovel":934,"minecraft:polished_deepslate":62,"aether:zanite_sword":253,"minecraft:ladder":15,"minecraft:oak_sign":3,"minecraft:chest":35,"minecraft:shield":35,"minecraft:iron_sword":19,"minecraft:soul_sand":2,"minecraft:nether_bricks":26,"minecraft:deepslate_brick_slab":12,"minecraft:tuff":12,"minecraft:obsidian":16,"iceandfire:crackled_gravel":4,"minecraft:lantern":10,"minecraft:grass_block":1,"iceandfire:ghost_chest":2,"minecraft:golden_sword":62,"minecraft:oak_sapling":54,"minecraft:furnace":5,"minecraft:egg":1,"epicfight:skillbook":16,"minecraft:oak_planks":73,"aether:gravitite_ore":3,"minecraft:oak_leaves":22,"minecraft:cookie":9,"minecraft:blast_furnace":1,"iceandfire:dragonbone_sword_lightning":460,"iceandfire:silver_axe":147,"minecraft:shears":119,"minecraft:deepslate_brick_stairs":65,"iceandfire:silver_pickaxe":2143,"iceandfire:dragonbone_sword":183,"minecraft:melon_slice":36,"minecraft:bread":41,"minecraft:deepslate":13,"minecraft:smithing_table":1,"minecraft:stone_sword":21,"minecraft:oak_fence":33,"minecraft:oak_trapdoor":15,"minecraft:enchanting_table":1,"minecraft:flint_and_steel":1,"wom:netherite_chains":1,"minecraft:stone_shovel":90,"aether:incubator":1,"minecraft:cooked_chicken":10,"minecraft:netherrack":301,"minecraft:orange_bed":3,"minecraft:oak_door":1,"minecraft:torch":550,"minecraft:brewing_stand":1,"minecraft:anvil":1,"minecraft:dirt":329,"aether:altar":1,"minecraft:cobblestone_wall":2,"minecraft:bookshelf":23,"epicfight:iron_greatsword":157,"minecraft:iron_axe":809,"minecraft:oak_stairs":62,"minecraft:jungle_log":1,"minecraft:barrel":6,"minecraft:glowstone":15,"minecraft:black_stained_glass":15,"wom:netherite_manicle":1,"minecraft:deepslate_tile_stairs":9,"aether:holystone":7,"aether:cold_parachute":3,"iceandfire:dragonbone_pickaxe":2,"minecraft:cooked_beef":7,"minecraft:cobbled_deepslate":351,"minecraft:acacia_planks":21,"minecraft:cooked_mutton":20,"minecraft:water_bucket":73,"minecraft:glass_bottle":22,"minecraft:birch_boat":1,"iceandfire:crackled_stone":1,"minecraft:stonecutter":3,"minecraft:deepslate_bricks":84,"aether:gravitite_pickaxe":762,"aether:holystone_pickaxe":74,"minecraft:crafting_table":12,"minecraft:cod":1,"minecraft:smoker":1,"minecraft:oak_log":106,"minecraft:flower_pot":1,"minecraft:diamond_pickaxe":652,"minecraft:apple":25,"iceandfire:dragonbone_bow":41,"minecraft:iron_pickaxe":2328,"minecraft:map":1,"aether:zanite_axe":126,"minecraft:cobblestone":413,"aether:golden_parachute":28,"minecraft:white_banner":3,"minecraft:cooked_porkchop":49,"minecraft:bucket":74,"minecraft:glass_pane":10,"minecraft:stripped_oak_log":73,"iceandfire:silver_shovel":218,"minecraft:kelp":37},"minecraft:mined":{"minecraft:attached_melon_stem":1,"aether:cold_aercloud":53,"iceandfire:copper_pile":5,"minecraft:jungle_leaves":2,"minecraft:obsidian":25,"minecraft:granite":3,"minecraft:acacia_log":96,"minecraft:grass_block":491,"minecraft:jungle_log":21,"iceandfire:lectern":1,"minecraft:soul_soil":4,"minecraft:deepslate_tile_stairs":1,"minecraft:nether_wart":40,"minecraft:weeping_vines_plant":4,"minecraft:tall_seagrass":6,"aether:ambrosium_torch":1,"minecraft:glowstone":70,"minecraft:iron_ore":74,"minecraft:fire":91,"minecraft:cobbled_deepslate":42,"minecraft:deepslate_lapis_ore":3,"iceandfire:crackled_dirt":5,"minecraft:oak_stairs":3,"minecraft:deepslate_brick_stairs":7,"minecraft:black_candle":8,"aether:purple_flower":2,"minecraft:orange_bed":3,"minecraft:deepslate_redstone_ore":46,"aether:holystone":71,"minecraft:blackstone":10,"minecraft:kelp_plant":20,"minecraft:melon_stem":2,"minecraft:crimson_nylium":5,"minecraft:clay":22,"minecraft:torch":42,"aether:icestone":3,"minecraft:poppy":27,"minecraft:melon":18,"iceandfire:ghost_chest":2,"minecraft:chest":7,"aether:sentry_stone":3,"minecraft:cobblestone":236,"minecraft:nether_quartz_ore":399,"minecraft:oak_planks":3,"minecraft:sugar_cane":19,"minecraft:wall_torch":124,"minecraft:skeleton_skull":1,"minecraft:seagrass":9,"iceandfire:crackled_stone":8,"minecraft:nether_wart_block":7,"minecraft:birch_log":6,"minecraft:wheat":82,"minecraft:lilac":7,"aether:aether_grass_block":5,"minecraft:warped_fungus":1,"minecraft:orange_tulip":1,"minecraft:wither_rose":2,"minecraft:grass":141,"minecraft:oak_log":356,"minecraft:sand":198,"minecraft:dirt":502,"aether:ambrosium_ore":57,"minecraft:stonecutter":2,"minecraft:netherrack":550,"minecraft:deepslate":1787,"minecraft:oak_leaves":156,"iceandfire:lightning_lily":1,"minecraft:nether_gold_ore":74,"minecraft:crying_obsidian":1,"minecraft:tuff":568,"iceandfire:silver_ore":18,"minecraft:mossy_cobblestone":54,"minecraft:deepslate_diamond_ore":31,"iceandfire:crackled_gravel":13,"minecraft:nether_bricks":26,"aether:mossy_holystone":7,"minecraft:crimson_roots":2,"minecraft:weeping_vines":1,"aether:white_flower":4,"minecraft:kelp":4,"minecraft:oak_trapdoor":5,"aether:aether_dirt":13,"iceandfire:crackled_grass":1,"minecraft:andesite":2,"minecraft:gold_block":1,"minecraft:polished_deepslate":2,"minecraft:bookshelf":2,"aether:skyroot_log":47,"minecraft:shroomlight":2,"minecraft:deepslate_iron_ore":12,"minecraft:vine":2,"minecraft:lantern":4,"minecraft:stripped_oak_log":81,"minecraft:stripped_jungle_log":1,"minecraft:stone":1174,"minecraft:bone_block":8,"aether:gravitite_ore":6,"aether:zanite_ore":4,"minecraft:soul_sand":39,"minecraft:dandelion":2,"minecraft:crafting_table":4,"minecraft:cornflower":3,"minecraft:copper_ore":4,"minecraft:tall_grass":4,"minecraft:lapis_ore":7,"minecraft:deepslate_gold_ore":3,"minecraft:diorite":3,"aether:skyroot_leaves":8,"aether:berry_bush":3,"minecraft:white_wall_banner":2,"minecraft:bee_nest":1,"iceandfire:silver_pile":9,"minecraft:coal_ore":266,"minecraft:gravel":22,"minecraft:acacia_planks":5,"minecraft:gold_ore":1,"aether:berry_bush_stem":3},"minecraft:killed":{"minecraft:cave_spider":1,"minecraft:zombified_piglin":4,"minecraft:spider":16,"minecraft:skeleton":32,"minecraft:bee":3,"minecraft:chicken":7,"aether:blue_swet":12,"aether:moa":1,"minecraft:magma_cube":10,"minecraft:piglin":1,"minecraft:pig":1,"aether:sheepuff":2,"aether:aerwhale":1,"minecraft:creeper":3,"aether:phyg":7,"aether:aechor_plant":3,"iceandfire:cockatrice":3,"minecraft:sheep":9,"aether:zephyr":4,"minecraft:pillager":5,"minecraft:zombie":176,"iceandfire:lightning_dragon":1,"minecraft:blaze":26,"minecraft:cow":4,"aether:mimic":3,"aether:golden_swet":14,"minecraft:vindicator":2,"minecraft:phantom":2,"minecraft:horse":1,"iceandfire:fire_dragon":1,"iceandfire:siren":2,"minecraft:drowned":2,"aether:cockatrice":2,"aether:flying_cow":2,"minecraft:hoglin":7,"minecraft:squid":2,"iceandfire:ghost":19,"eeeabsmobs:corpse":2,"minecraft:wither_skeleton":12,"minecraft:enderman":2}},"DataVersion":3465}