{"stats":{"minecraft:picked_up":{"minecraft:raw_iron":31,"minecraft:wheat":1,"minecraft:cooked_porkchop":17,"minecraft:andesite":1,"minecraft:torch":4,"epicfight:skillbook":1,"tombstone:grave_dust":7,"minecraft:string":2,"minecraft:arrow":8,"minecraft:bone":4,"minecraft:rotten_flesh":7,"minecraft:diamond":1,"minecraft:cobbled_deepslate":3,"tombstone:magic_scroll":1,"minecraft:coal":20,"minecraft:cobblestone":12,"minecraft:ender_pearl":1},"minecraft:crafted":{"minecraft:torch":80},"minecraft:used":{"epicfight:skillbook":1,"iceandfire:dragonbone_sword":54,"minecraft:iron_pickaxe":67,"minecraft:torch":106,"minecraft:cobblestone":4,"minecraft:cooked_porkchop":11,"minecraft:cobbled_deepslate":3},"minecraft:custom":{"minecraft:time_since_rest":75660,"minecraft:sprint_one_cm":314442,"minecraft:damage_taken":424,"minecraft:walk_one_cm":284762,"minecraft:mob_kills":17,"minecraft:drop":2,"minecraft:damage_dealt":3318,"minecraft:damage_dealt_absorbed":96,"minecraft:fly_one_cm":176322,"minecraft:open_chest":16,"minecraft:crouch_one_cm":477,"minecraft:play_time":75660,"tombstone:undead_killed":14,"minecraft:sneak_time":173,"minecraft:jump":639,"minecraft:leave_game":4,"minecraft:walk_on_water_one_cm":1568,"minecraft:time_since_death":75660,"minecraft:total_world_time":75660,"minecraft:fall_one_cm":11108},"minecraft:killed":{"minecraft:skeleton":5,"minecraft:zombie":9,"minecraft:spider":1,"minecraft:enderman":1},"minecraft:dropped":{"minecraft:andesite":1,"minecraft:wheat":1},"minecraft:mined":{"minecraft:deepslate_diamond_ore":1,"minecraft:iron_ore":31,"minecraft:andesite":1,"minecraft:granite":2,"minecraft:coal_ore":20,"minecraft:stone":8,"minecraft:deepslate":4,"minecraft:wall_torch":4},"minecraft:broken":{"minecraft:iron_pickaxe":1}},"DataVersion":3465}