{"stats":{"minecraft:killed_by":{"minecraft:zombie":1},"minecraft:crafted":{"minecraft:oak_planks":32,"minecraft:furnace":4,"minecraft:bookshelf":10,"minecraft:cooked_mutton":2,"minecraft:glass":28,"minecraft:iron_boots":1,"minecraft:iron_axe":1,"minecraft:chest":2,"minecraft:deepslate":25,"iceandfire:silver_ingot":13,"minecraft:crafting_table":5,"minecraft:enchanting_table":1,"minecraft:bucket":1,"jet_and_elias_armors:knight_m_pink_boots":1,"minecraft:air":0,"minecraft:diamond_pickaxe":1,"minecraft:stick":56,"minecraft:iron_ingot":75,"minecraft:iron_pickaxe":1,"minecraft:iron_block":4,"minecraft:iron_shovel":7,"minecraft:anvil":1,"minecraft:acacia_planks":96,"minecraft:torch":200,"iceandfire:silver_pickaxe":4},"minecraft:broken":{"minecraft:iron_shovel":3,"jet_and_elias_armors:gladiator_armor_boots":1,"jet_and_elias_armors:heavy_knight_armor_chestplate":1,"iceandfire:silver_pickaxe":2,"minecraft:iron_pickaxe":1},"minecraft:picked_up":{"minecraft:crafting_table":2,"minecraft:wheat":2,"minecraft:chicken":1,"minecraft:leather_leggings":1,"iceandfire:fire_lily":2,"jet_and_elias_armors:the_dames_armor_leggings":1,"epicfight:iron_longsword":1,"minecraft:string":22,"jet_and_elias_armors:heavy_knight_armor_chestplate":1,"jet_and_elias_armors:the_dames_armor_helmet":1,"minecraft:cobbled_deepslate":763,"minecraft:beef":6,"minecraft:jungle_sapling":4,"minecraft:iron_nugget":17,"minecraft:iron_pickaxe":1,"minecraft:sugar_cane":36,"minecraft:egg":3,"minecraft:stick":60,"minecraft:raw_iron":107,"minecraft:acacia_log":96,"minecraft:torch":46,"jet_and_elias_armors:gladiator_armor_boots":1,"epicfight:skillbook":4,"minecraft:fire_charge":1,"minecraft:porkchop":3,"iceandfire:rotten_egg":1,"minecraft:diorite":3,"minecraft:carrot":2,"minecraft:redstone":70,"minecraft:orange_bed":1,"minecraft:arrow":26,"minecraft:rotten_flesh":61,"minecraft:glistering_melon_slice":5,"minecraft:obsidian":10,"minecraft:glow_berries":4,"minecraft:mutton":2,"minecraft:rail":1,"minecraft:white_wool":1,"minecraft:cobblestone":99,"minecraft:leather_chestplate":1,"minecraft:lilac":6,"minecraft:jungle_log":19,"minecraft:andesite":4,"minecraft:leather":8,"minecraft:tuff":365,"minecraft:oak_log":36,"minecraft:gunpowder":3,"minecraft:lapis_lazuli":71,"minecraft:map":3,"minecraft:paper":10,"minecraft:dirt":818,"minecraft:white_banner":3,"minecraft:name_tag":1,"minecraft:bone":22,"minecraft:apple":7,"minecraft:bow":1,"minecraft:wheat_seeds":31,"minecraft:raw_gold":4,"minecraft:iron_ingot":1,"minecraft:stone_pickaxe":1,"minecraft:acacia_sapling":35,"minecraft:oak_planks":40,"minecraft:cooked_porkchop":23,"iceandfire:dragonbone_sword":1,"minecraft:gravel":24,"minecraft:sand":28,"minecraft:spider_eye":7,"minecraft:diamond":11,"minecraft:granite":1,"minecraft:golden_apple":2,"minecraft:gray_wool":1,"iceandfire:dragonbone_bow":1,"minecraft:oak_sapling":23,"minecraft:black_wool":2,"minecraft:coal":89,"iceandfire:raw_silver":13,"minecraft:ender_pearl":2},"minecraft:dropped":{"minecraft:cobblestone":4,"minecraft:granite":1,"epicfight:iron_longsword":1,"minecraft:cobbled_deepslate":1,"minecraft:tuff":64,"minecraft:wheat":1,"minecraft:andesite":1},"minecraft:custom":{"minecraft:mob_kills":94,"minecraft:interact_with_anvil":9,"minecraft:interact_with_crafting_table":33,"minecraft:leave_game":14,"minecraft:time_since_death":273182,"minecraft:climb_one_cm":210,"minecraft:sprint_one_cm":1128894,"minecraft:walk_one_cm":1513342,"minecraft:drop":7,"minecraft:damage_dealt_absorbed":224,"minecraft:talked_to_villager":3,"minecraft:play_time":403307,"minecraft:deaths":1,"minecraft:sneak_time":5886,"minecraft:walk_under_water_one_cm":18593,"minecraft:jump":3038,"minecraft:walk_on_water_one_cm":33575,"minecraft:total_world_time":403307,"minecraft:interact_with_furnace":55,"minecraft:interact_with_grindstone":1,"minecraft:sleep_in_bed":2,"minecraft:time_since_rest":152968,"minecraft:damage_taken":1927,"minecraft:damage_absorbed":599,"minecraft:damage_dealt":17370,"minecraft:swim_one_cm":24987,"minecraft:fly_one_cm":1031975,"minecraft:open_chest":133,"minecraft:crouch_one_cm":17158,"minecraft:fall_one_cm":60111,"minecraft:horse_one_cm":171563},"minecraft:used":{"minecraft:iron_shovel":911,"minecraft:chest":4,"minecraft:orange_bed":1,"minecraft:torch":275,"minecraft:dirt":131,"minecraft:anvil":1,"epicfight:iron_greatsword":90,"minecraft:iron_axe":182,"minecraft:oak_sapling":5,"minecraft:furnace":4,"minecraft:cobbled_deepslate":45,"minecraft:water_bucket":20,"epicfight:skillbook":9,"minecraft:crafting_table":7,"iceandfire:silver_pickaxe":1253,"minecraft:diamond_pickaxe":10,"iceandfire:dragonbone_sword":150,"minecraft:apple":3,"minecraft:bread":31,"minecraft:iron_pickaxe":283,"minecraft:cobblestone":61,"minecraft:cooked_porkchop":17,"minecraft:bucket":22},"minecraft:mined":{"minecraft:tuff":397,"iceandfire:silver_ore":12,"minecraft:deepslate_diamond_ore":10,"minecraft:obsidian":10,"minecraft:granite":3,"minecraft:acacia_log":96,"minecraft:grass_block":461,"minecraft:jungle_log":21,"minecraft:iron_ore":66,"minecraft:cobbled_deepslate":3,"minecraft:andesite":2,"minecraft:deepslate_lapis_ore":3,"minecraft:vine":2,"minecraft:deepslate_iron_ore":10,"minecraft:stone":85,"minecraft:orange_bed":1,"minecraft:deepslate_redstone_ore":16,"minecraft:crafting_table":2,"minecraft:torch":16,"minecraft:cobblestone":10,"minecraft:lapis_ore":7,"minecraft:deepslate_gold_ore":3,"minecraft:sugar_cane":19,"minecraft:diorite":3,"minecraft:wall_torch":27,"minecraft:lilac":7,"minecraft:grass":60,"minecraft:oak_log":37,"minecraft:coal_ore":89,"minecraft:gravel":16,"minecraft:sand":29,"minecraft:dirt":352,"minecraft:gold_ore":1,"minecraft:oak_leaves":3,"minecraft:deepslate":787},"minecraft:killed":{"minecraft:cave_spider":1,"minecraft:spider":14,"minecraft:phantom":2,"minecraft:skeleton":18,"minecraft:horse":1,"minecraft:chicken":1,"minecraft:pig":1,"minecraft:creeper":2,"minecraft:sheep":2,"minecraft:zombie":46,"minecraft:cow":2,"minecraft:enderman":1}},"DataVersion":3465}