{"stats":{"minecraft:custom":{"minecraft:interact_with_crafting_table":97,"minecraft:open_barrel":3,"minecraft:leave_game":28,"minecraft:time_since_death":354014,"minecraft:sprint_one_cm":2273287,"minecraft:drop":51,"minecraft:talked_to_villager":5,"minecraft:play_time":803562,"minecraft:deaths":5,"minecraft:jump":7330,"minecraft:walk_on_water_one_cm":51775,"minecraft:interact_with_furnace":80,"minecraft:sleep_in_bed":7,"minecraft:damage_dealt":33582,"minecraft:crouch_one_cm":64776,"minecraft:horse_one_cm":753391,"minecraft:mob_kills":171,"minecraft:interact_with_anvil":10,"minecraft:climb_one_cm":41273,"minecraft:walk_one_cm":3539744,"minecraft:damage_dealt_absorbed":402,"minecraft:raid_win":1,"minecraft:sneak_time":17737,"minecraft:walk_under_water_one_cm":52623,"minecraft:total_world_time":803562,"minecraft:pot_flower":1,"minecraft:interact_with_grindstone":1,"minecraft:interact_with_stonecutter":12,"minecraft:time_since_rest":91608,"minecraft:damage_absorbed":6757,"minecraft:damage_taken":3631,"minecraft:swim_one_cm":46605,"minecraft:fly_one_cm":2594981,"minecraft:open_chest":427,"minecraft:fall_one_cm":156970},"minecraft:mined":{"iceandfire:copper_pile":4,"minecraft:obsidian":25,"minecraft:granite":3,"minecraft:acacia_log":96,"minecraft:grass_block":485,"minecraft:jungle_log":21,"minecraft:glowstone":39,"minecraft:iron_ore":68,"minecraft:cobbled_deepslate":30,"minecraft:fire":22,"minecraft:deepslate_lapis_ore":3,"iceandfire:crackled_dirt":5,"minecraft:oak_stairs":3,"minecraft:deepslate_brick_stairs":7,"minecraft:orange_bed":3,"minecraft:deepslate_redstone_ore":26,"minecraft:crimson_nylium":2,"minecraft:clay":22,"minecraft:torch":32,"minecraft:melon":2,"minecraft:chest":7,"minecraft:nether_quartz_ore":57,"minecraft:cobblestone":145,"minecraft:sugar_cane":19,"minecraft:oak_planks":3,"minecraft:wall_torch":70,"minecraft:seagrass":1,"iceandfire:crackled_stone":8,"minecraft:nether_wart_block":2,"minecraft:lilac":7,"minecraft:warped_fungus":1,"minecraft:orange_tulip":1,"minecraft:grass":98,"minecraft:oak_log":356,"minecraft:sand":29,"minecraft:dirt":501,"minecraft:stonecutter":2,"minecraft:netherrack":43,"minecraft:oak_leaves":119,"minecraft:deepslate":1414,"minecraft:nether_gold_ore":4,"minecraft:tuff":405,"iceandfire:silver_ore":12,"minecraft:mossy_cobblestone":53,"minecraft:deepslate_diamond_ore":15,"iceandfire:crackled_gravel":13,"minecraft:crimson_roots":1,"minecraft:oak_trapdoor":4,"iceandfire:crackled_grass":1,"minecraft:andesite":2,"minecraft:polished_deepslate":2,"minecraft:bookshelf":2,"minecraft:deepslate_iron_ore":10,"minecraft:vine":2,"minecraft:lantern":4,"minecraft:stripped_jungle_log":1,"minecraft:stripped_oak_log":81,"minecraft:stone":848,"minecraft:crafting_table":4,"minecraft:tall_grass":2,"minecraft:copper_ore":4,"minecraft:lapis_ore":7,"minecraft:deepslate_gold_ore":3,"minecraft:diorite":3,"minecraft:bee_nest":1,"minecraft:white_wall_banner":2,"minecraft:coal_ore":223,"minecraft:gravel":22,"minecraft:gold_ore":1},"minecraft:used":{"minecraft:iron_shovel":934,"minecraft:polished_deepslate":62,"minecraft:ladder":15,"minecraft:chest":24,"minecraft:iron_sword":19,"minecraft:deepslate_brick_slab":12,"minecraft:obsidian":16,"iceandfire:crackled_gravel":4,"minecraft:lantern":10,"minecraft:grass_block":1,"minecraft:golden_sword":19,"minecraft:furnace":5,"minecraft:oak_sapling":54,"minecraft:egg":1,"epicfight:skillbook":11,"minecraft:oak_planks":73,"minecraft:oak_leaves":22,"iceandfire:dragonbone_sword_lightning":86,"minecraft:shears":80,"minecraft:deepslate_brick_stairs":65,"iceandfire:silver_pickaxe":1858,"iceandfire:dragonbone_sword":183,"minecraft:melon_slice":11,"minecraft:bread":41,"minecraft:smithing_table":1,"minecraft:oak_fence":33,"minecraft:oak_trapdoor":10,"minecraft:enchanting_table":1,"minecraft:flint_and_steel":1,"minecraft:stone_shovel":90,"minecraft:cooked_chicken":2,"minecraft:oak_door":1,"minecraft:orange_bed":3,"minecraft:torch":461,"minecraft:dirt":316,"minecraft:anvil":1,"minecraft:bookshelf":23,"epicfight:iron_greatsword":157,"minecraft:iron_axe":792,"minecraft:oak_stairs":62,"minecraft:jungle_log":1,"minecraft:barrel":6,"iceandfire:dragonbone_pickaxe":2,"minecraft:cooked_beef":1,"minecraft:cobbled_deepslate":247,"minecraft:cooked_mutton":6,"minecraft:water_bucket":32,"iceandfire:crackled_stone":1,"minecraft:stonecutter":3,"minecraft:deepslate_bricks":84,"minecraft:crafting_table":10,"minecraft:cod":1,"minecraft:oak_log":106,"minecraft:flower_pot":1,"minecraft:diamond_pickaxe":155,"minecraft:apple":25,"minecraft:iron_pickaxe":1564,"minecraft:cobblestone":227,"minecraft:white_banner":3,"minecraft:cooked_porkchop":22,"minecraft:bucket":33,"minecraft:glass_pane":10,"minecraft:stripped_oak_log":73},"minecraft:picked_up":{"minecraft:wheat":4,"iceandfire:copper_sword":2,"iceandfire:armor_copper_metal_chestplate":3,"jet_and_elias_armors:the_dames_armor_leggings":3,"aether:iron_gloves":1,"minecraft:oak_stairs":3,"minecraft:golden_shovel":2,"minecraft:golden_sword":1,"epicfight:iron_longsword":2,"minecraft:polished_deepslate":2,"iceandfire:manuscript":8,"minecraft:string":43,"minecraft:raw_copper":9,"jet_and_elias_armors:heavy_knight_armor_chestplate":1,"jet_and_elias_armors:the_dames_armor_helmet":3,"minecraft:gold_nugget":61,"minecraft:cobbled_deepslate":1415,"minecraft:iron_pickaxe":3,"minecraft:melon_slice":11,"minecraft:stick":161,"iceandfire:crackled_dirt":9,"iceandfire:armor_copper_metal_leggings":1,"minecraft:torch":110,"minecraft:acacia_log":96,"minecraft:porkchop":5,"epicfight:skillbook":7,"iceandfire:rotten_egg":2,"iceandfire:crackled_gravel":43,"minecraft:diorite":3,"minecraft:orange_bed":3,"minecraft:rotten_flesh":121,"iceandfire:crackled_grass":1,"minecraft:deepslate_brick_stairs":7,"minecraft:obsidian":25,"minecraft:cobblestone":1401,"minecraft:cooked_beef":4,"minecraft:leather_chestplate":1,"minecraft:feather":5,"minecraft:lilac":6,"minecraft:andesite":4,"minecraft:water_bucket":2,"minecraft:jungle_log":19,"minecraft:tuff":372,"minecraft:map":3,"minecraft:lapis_lazuli":71,"minecraft:dirt":963,"minecraft:lantern":4,"minecraft:name_tag":1,"minecraft:bone":36,"minecraft:stonecutter":2,"epicfight:iron_greatsword":2,"minecraft:bow":1,"minecraft:orange_tulip":3,"minecraft:wheat_seeds":70,"minecraft:raw_gold":4,"minecraft:bell":2,"minecraft:glowstone_dust":98,"minecraft:oak_planks":123,"minecraft:cooked_porkchop":30,"minecraft:sand":28,"minecraft:grass_block":1,"iceandfire:dragonbone_sword_lightning":1,"minecraft:mossy_cobblestone":53,"minecraft:diamond":18,"iceandfire:crackled_stone":22,"minecraft:crossbow":1,"minecraft:granite":1,"minecraft:grass":5,"minecraft:golden_apple":2,"minecraft:bread":65,"iceandfire:dragonbone_bow":1,"minecraft:emerald":23,"minecraft:oak_sapling":163,"minecraft:netherrack":41,"minecraft:crimson_roots":1,"minecraft:oak_leaves":77,"iceandfire:raw_silver":13,"iceandfire:dragon_skull_lightning":4,"minecraft:crafting_table":4,"iceandfire:witherbone":1,"minecraft:chicken":6,"minecraft:leather_leggings":1,"minecraft:clay_ball":84,"minecraft:golden_pickaxe":3,"iceandfire:fire_lily":2,"minecraft:chain":2,"minecraft:cornflower":1,"minecraft:oak_trapdoor":4,"minecraft:compass":2,"iceandfire:bestiary":2,"minecraft:beef":6,"minecraft:jungle_sapling":4,"minecraft:iron_nugget":24,"minecraft:sugar_cane":36,"minecraft:chest":7,"minecraft:phantom_membrane":2,"minecraft:egg":16,"minecraft:raw_iron":109,"iceandfire:dragonbone":39,"jet_and_elias_armors:gladiator_armor_boots":1,"minecraft:fire_charge":2,"minecraft:carrot":2,"minecraft:redstone":113,"minecraft:stone_shovel":1,"minecraft:arrow":43,"minecraft:beetroot_seeds":4,"minecraft:saddle":5,"minecraft:glistering_melon_slice":5,"minecraft:glow_berries":4,"minecraft:mutton":8,"minecraft:white_wool":6,"minecraft:rail":1,"minecraft:stripped_oak_log":80,"minecraft:leather":14,"minecraft:oak_log":655,"minecraft:nether_wart_block":9,"minecraft:gunpowder":22,"minecraft:paper":10,"minecraft:white_banner":8,"minecraft:cooked_mutton":1,"minecraft:apple":26,"jet_and_elias_armors:knight_m_pink_boots":2,"minecraft:stone_pickaxe":1,"minecraft:iron_ingot":17,"minecraft:cooked_chicken":2,"minecraft:glass_bottle":6,"iceandfire:crackled_cobblestone":1,"minecraft:iron_sword":1,"minecraft:acacia_sapling":36,"minecraft:book":6,"iceandfire:copper_nugget":220,"minecraft:warped_fungus":1,"epicfight:iron_spear":1,"iceandfire:dragonbone_sword":3,"minecraft:quartz":57,"minecraft:gravel":33,"minecraft:spider_eye":9,"minecraft:stripped_jungle_log":1,"iceandfire:silver_pickaxe":4,"minecraft:gray_wool":1,"minecraft:black_wool":2,"minecraft:coal":216,"minecraft:ender_pearl":3},"minecraft:dropped":{"minecraft:oak_log":70,"minecraft:emerald":9,"minecraft:dirt":22,"minecraft:grass":3,"minecraft:gold_nugget":1,"iceandfire:dragonbone_pickaxe":1,"minecraft:bone":2,"minecraft:cobbled_deepslate":54,"minecraft:wheat":2,"minecraft:oak_planks":4,"iceandfire:crackled_gravel":15,"minecraft:gunpowder":8,"minecraft:beetroot_seeds":2,"minecraft:arrow":18,"iceandfire:armor_copper_metal_leggings":1,"minecraft:wheat_seeds":3,"iceandfire:armor_copper_metal_chestplate":1,"minecraft:cobblestone":462,"minecraft:granite":1,"epicfight:iron_longsword":1,"iceandfire:copper_nugget":30,"iceandfire:dragonbone":26,"epicfight:iron_spear":1,"minecraft:tuff":64,"iceandfire:witherbone":1,"iceandfire:copper_sword":1,"aether:iron_gloves":1,"minecraft:andesite":1,"iceandfire:dragonbone_sword_lightning":3,"iceandfire:dragon_skull_lightning":2},"minecraft:killed":{"minecraft:cave_spider":1,"minecraft:zombified_piglin":1,"minecraft:spider":16,"minecraft:skeleton":24,"minecraft:bee":3,"minecraft:chicken":6,"minecraft:pig":1,"minecraft:creeper":2,"minecraft:sheep":5,"minecraft:pillager":5,"minecraft:zombie":69,"iceandfire:lightning_dragon":1,"minecraft:cow":2,"minecraft:vindicator":2,"minecraft:phantom":2,"minecraft:horse":1,"minecraft:hoglin":3,"minecraft:enderman":2},"minecraft:broken":{"minecraft:iron_shovel":3,"iceandfire:silver_pickaxe":4,"jet_and_elias_armors:heavy_knight_armor_chestplate":1,"jet_and_elias_armors:gladiator_armor_boots":1,"minecraft:iron_axe":2,"minecraft:iron_pickaxe":7},"minecraft:crafted":{"minecraft:brick":4,"minecraft:oak_planks":592,"minecraft:barrel":6,"minecraft:oak_pressure_plate":1,"minecraft:cooked_chicken":2,"minecraft:stone":38,"minecraft:bookshelf":23,"minecraft:cooked_mutton":6,"minecraft:glass":28,"minecraft:iron_boots":1,"iceandfire:dragonbone_sword_lightning":3,"minecraft:chest":15,"minecraft:oak_fence":33,"minecraft:flower_pot":1,"minecraft:golden_boots":1,"minecraft:glass_bottle":3,"minecraft:oak_slab":48,"minecraft:deepslate":82,"minecraft:cooked_porkchop":3,"minecraft:crafting_table":7,"minecraft:smithing_table":1,"minecraft:clock":1,"minecraft:diamond_pickaxe":1,"minecraft:stick":196,"minecraft:iron_ingot":85,"minecraft:iron_pickaxe":5,"minecraft:iron_block":4,"minecraft:gold_ingot":13,"minecraft:shears":1,"minecraft:oak_door":3,"minecraft:stone_shovel":1,"minecraft:iron_nugget":128,"minecraft:furnace":5,"minecraft:flint_and_steel":1,"minecraft:oak_trapdoor":6,"minecraft:glass_pane":16,"minecraft:lantern":6,"minecraft:iron_axe":2,"minecraft:ladder":15,"iceandfire:dragonbone_sword":2,"iceandfire:silver_ingot":13,"minecraft:enchanting_table":1,"minecraft:deepslate_brick_slab":30,"iceandfire:pixie_jar_empty":2,"minecraft:bucket":2,"jet_and_elias_armors:knight_m_pink_boots":1,"iceandfire:dragonbone_pickaxe":1,"minecraft:air":0,"minecraft:jungle_planks":76,"minecraft:oak_stairs":76,"minecraft:iron_shovel":8,"minecraft:stonecutter":1,"minecraft:anvil":1,"minecraft:acacia_planks":128,"minecraft:torch":376,"iceandfire:silver_pickaxe":4},"minecraft:killed_by":{"minecraft:zombie":1,"iceandfire:lightning_dragon":4}},"DataVersion":3465}