{"stats":{"minecraft:custom":{"minecraft:interact_with_anvil":10,"minecraft:mob_kills":146,"minecraft:interact_with_crafting_table":68,"minecraft:open_barrel":3,"minecraft:leave_game":17,"minecraft:time_since_death":188644,"minecraft:climb_one_cm":210,"minecraft:sprint_one_cm":1930983,"minecraft:walk_one_cm":2585190,"minecraft:drop":37,"minecraft:damage_dealt_absorbed":348,"minecraft:talked_to_villager":5,"minecraft:raid_win":1,"minecraft:play_time":638192,"minecraft:sneak_time":12083,"minecraft:deaths":5,"minecraft:walk_under_water_one_cm":39017,"minecraft:jump":6260,"minecraft:walk_on_water_one_cm":47650,"minecraft:total_world_time":638192,"minecraft:interact_with_furnace":71,"minecraft:interact_with_stonecutter":11,"minecraft:interact_with_grindstone":1,"minecraft:sleep_in_bed":3,"minecraft:time_since_rest":177229,"minecraft:damage_taken":3478,"minecraft:damage_absorbed":4984,"minecraft:damage_dealt":29851,"minecraft:swim_one_cm":46605,"minecraft:fly_one_cm":1998824,"minecraft:open_chest":341,"minecraft:crouch_one_cm":45574,"minecraft:fall_one_cm":134271,"minecraft:horse_one_cm":753391},"minecraft:mined":{"minecraft:tuff":397,"iceandfire:silver_ore":12,"minecraft:deepslate_diamond_ore":12,"iceandfire:copper_pile":4,"iceandfire:crackled_gravel":13,"minecraft:obsidian":11,"minecraft:granite":3,"minecraft:acacia_log":96,"minecraft:grass_block":481,"minecraft:jungle_log":21,"minecraft:iron_ore":66,"minecraft:fire":6,"minecraft:cobbled_deepslate":4,"iceandfire:crackled_grass":1,"minecraft:andesite":2,"minecraft:deepslate_lapis_ore":3,"iceandfire:crackled_dirt":5,"minecraft:polished_deepslate":2,"minecraft:deepslate_iron_ore":10,"minecraft:vine":2,"minecraft:oak_stairs":3,"minecraft:deepslate_brick_stairs":7,"minecraft:stripped_oak_log":68,"minecraft:stripped_jungle_log":1,"minecraft:stone":108,"minecraft:orange_bed":1,"minecraft:deepslate_redstone_ore":16,"minecraft:crafting_table":2,"minecraft:torch":24,"minecraft:chest":1,"minecraft:tall_grass":1,"minecraft:cobblestone":10,"minecraft:deepslate_gold_ore":3,"minecraft:lapis_ore":7,"minecraft:sugar_cane":19,"minecraft:wall_torch":35,"minecraft:diorite":3,"iceandfire:crackled_stone":8,"minecraft:lilac":7,"minecraft:orange_tulip":1,"minecraft:bee_nest":1,"minecraft:grass":82,"minecraft:coal_ore":89,"minecraft:oak_log":287,"minecraft:gravel":16,"minecraft:sand":29,"minecraft:dirt":452,"minecraft:stonecutter":1,"minecraft:gold_ore":1,"minecraft:oak_leaves":107,"minecraft:deepslate":1075},"minecraft:used":{"minecraft:oak_fence":33,"minecraft:iron_shovel":911,"minecraft:polished_deepslate":62,"minecraft:stone_shovel":63,"minecraft:chest":16,"minecraft:iron_sword":19,"minecraft:cooked_chicken":2,"minecraft:orange_bed":1,"minecraft:oak_door":1,"minecraft:torch":319,"minecraft:anvil":1,"minecraft:dirt":316,"minecraft:deepslate_brick_slab":12,"iceandfire:crackled_gravel":4,"epicfight:iron_greatsword":157,"minecraft:lantern":4,"minecraft:iron_axe":644,"minecraft:oak_stairs":62,"minecraft:grass_block":1,"minecraft:jungle_log":1,"minecraft:oak_sapling":54,"minecraft:furnace":4,"minecraft:egg":1,"iceandfire:dragonbone_pickaxe":2,"minecraft:cobbled_deepslate":73,"minecraft:cooked_mutton":6,"minecraft:water_bucket":32,"epicfight:skillbook":10,"minecraft:oak_planks":73,"iceandfire:crackled_stone":1,"minecraft:stonecutter":2,"minecraft:deepslate_bricks":84,"minecraft:oak_leaves":18,"minecraft:crafting_table":9,"iceandfire:dragonbone_sword_lightning":29,"minecraft:cod":1,"minecraft:deepslate_brick_stairs":65,"minecraft:shears":80,"iceandfire:silver_pickaxe":1545,"minecraft:oak_log":93,"minecraft:diamond_pickaxe":10,"iceandfire:dragonbone_sword":183,"minecraft:apple":18,"minecraft:bread":41,"minecraft:iron_pickaxe":349,"minecraft:cobblestone":61,"minecraft:cooked_porkchop":20,"minecraft:bucket":33,"minecraft:glass_pane":10,"minecraft:stripped_oak_log":65},"minecraft:picked_up":{"iceandfire:dragon_skull_lightning":4,"minecraft:crafting_table":2,"minecraft:wheat":2,"minecraft:chicken":3,"iceandfire:witherbone":1,"iceandfire:copper_sword":2,"iceandfire:fire_lily":2,"minecraft:golden_pickaxe":3,"minecraft:leather_leggings":1,"aether:iron_gloves":1,"jet_and_elias_armors:the_dames_armor_leggings":3,"iceandfire:armor_copper_metal_chestplate":3,"minecraft:oak_stairs":3,"minecraft:golden_shovel":2,"minecraft:chain":2,"minecraft:golden_sword":1,"epicfight:iron_longsword":2,"minecraft:cornflower":1,"minecraft:polished_deepslate":2,"iceandfire:manuscript":8,"minecraft:string":27,"minecraft:compass":2,"jet_and_elias_armors:heavy_knight_armor_chestplate":1,"jet_and_elias_armors:the_dames_armor_helmet":3,"iceandfire:bestiary":2,"minecraft:gold_nugget":49,"minecraft:cobbled_deepslate":1048,"minecraft:beef":6,"minecraft:jungle_sapling":4,"minecraft:iron_nugget":24,"minecraft:iron_pickaxe":3,"minecraft:sugar_cane":36,"minecraft:chest":1,"minecraft:egg":13,"minecraft:phantom_membrane":2,"minecraft:raw_iron":107,"minecraft:stick":138,"iceandfire:dragonbone":39,"iceandfire:crackled_dirt":9,"iceandfire:armor_copper_metal_leggings":1,"minecraft:torch":63,"jet_and_elias_armors:gladiator_armor_boots":1,"minecraft:acacia_log":96,"epicfight:skillbook":6,"minecraft:fire_charge":2,"minecraft:porkchop":3,"iceandfire:crackled_gravel":43,"iceandfire:rotten_egg":2,"minecraft:diorite":3,"minecraft:carrot":2,"minecraft:redstone":70,"minecraft:orange_bed":1,"minecraft:arrow":43,"minecraft:rotten_flesh":117,"iceandfire:crackled_grass":1,"minecraft:saddle":5,"minecraft:glistering_melon_slice":5,"minecraft:mutton":6,"minecraft:obsidian":11,"minecraft:deepslate_brick_stairs":7,"minecraft:glow_berries":4,"minecraft:rail":1,"minecraft:white_wool":3,"minecraft:cobblestone":123,"minecraft:stripped_oak_log":67,"minecraft:leather_chestplate":1,"minecraft:feather":3,"minecraft:lilac":6,"minecraft:jungle_log":19,"minecraft:water_bucket":2,"minecraft:andesite":4,"minecraft:leather":8,"minecraft:tuff":365,"minecraft:oak_log":586,"minecraft:gunpowder":5,"minecraft:map":3,"minecraft:lapis_lazuli":71,"minecraft:dirt":933,"minecraft:paper":10,"minecraft:white_banner":6,"minecraft:name_tag":1,"minecraft:bone":24,"jet_and_elias_armors:knight_m_pink_boots":2,"minecraft:apple":21,"minecraft:wheat_seeds":67,"minecraft:bow":1,"epicfight:iron_greatsword":2,"minecraft:stonecutter":1,"minecraft:orange_tulip":3,"minecraft:raw_gold":4,"minecraft:bell":2,"minecraft:iron_ingot":16,"minecraft:stone_pickaxe":1,"minecraft:cooked_chicken":2,"minecraft:glass_bottle":6,"minecraft:oak_planks":120,"minecraft:iron_sword":1,"minecraft:acacia_sapling":36,"iceandfire:crackled_cobblestone":1,"iceandfire:copper_nugget":220,"minecraft:cooked_porkchop":23,"epicfight:iron_spear":1,"iceandfire:dragonbone_sword":3,"minecraft:gravel":24,"minecraft:sand":28,"minecraft:grass_block":1,"iceandfire:dragonbone_sword_lightning":1,"minecraft:spider_eye":8,"minecraft:stripped_jungle_log":1,"iceandfire:silver_pickaxe":4,"minecraft:diamond":15,"iceandfire:crackled_stone":22,"minecraft:crossbow":1,"minecraft:granite":1,"minecraft:grass":5,"minecraft:golden_apple":2,"minecraft:gray_wool":1,"iceandfire:dragonbone_bow":1,"minecraft:emerald":23,"minecraft:bread":64,"minecraft:oak_sapling":124,"minecraft:black_wool":2,"minecraft:coal":89,"minecraft:oak_leaves":77,"iceandfire:raw_silver":13,"minecraft:ender_pearl":3},"minecraft:dropped":{"minecraft:wheat_seeds":3,"minecraft:oak_log":70,"iceandfire:armor_copper_metal_chestplate":1,"minecraft:cobblestone":4,"minecraft:granite":1,"epicfight:iron_longsword":1,"minecraft:emerald":9,"minecraft:dirt":22,"minecraft:grass":3,"iceandfire:copper_nugget":30,"iceandfire:dragonbone_pickaxe":1,"iceandfire:dragonbone":26,"epicfight:iron_spear":1,"minecraft:cobbled_deepslate":1,"minecraft:tuff":64,"minecraft:wheat":1,"iceandfire:witherbone":1,"minecraft:oak_planks":4,"iceandfire:crackled_gravel":15,"iceandfire:copper_sword":1,"aether:iron_gloves":1,"minecraft:andesite":1,"minecraft:arrow":18,"iceandfire:dragonbone_sword_lightning":3,"iceandfire:armor_copper_metal_leggings":1,"iceandfire:dragon_skull_lightning":2},"minecraft:killed":{"minecraft:cave_spider":1,"minecraft:spider":16,"minecraft:vindicator":2,"minecraft:phantom":2,"minecraft:horse":1,"minecraft:skeleton":23,"minecraft:bee":3,"minecraft:chicken":3,"minecraft:pig":1,"minecraft:creeper":2,"minecraft:sheep":3,"minecraft:pillager":5,"minecraft:zombie":68,"iceandfire:lightning_dragon":1,"minecraft:enderman":2,"minecraft:cow":2},"minecraft:broken":{"minecraft:iron_shovel":3,"jet_and_elias_armors:gladiator_armor_boots":1,"iceandfire:silver_pickaxe":3,"jet_and_elias_armors:heavy_knight_armor_chestplate":1,"minecraft:iron_axe":2,"minecraft:iron_pickaxe":1},"minecraft:crafted":{"minecraft:oak_door":3,"minecraft:oak_planks":384,"minecraft:stone_shovel":1,"minecraft:iron_nugget":128,"minecraft:cooked_chicken":2,"minecraft:furnace":4,"minecraft:stone":38,"minecraft:bookshelf":10,"minecraft:cooked_mutton":6,"minecraft:glass_pane":16,"minecraft:glass":28,"minecraft:lantern":4,"minecraft:iron_boots":1,"iceandfire:dragonbone_sword_lightning":3,"minecraft:iron_axe":2,"minecraft:chest":13,"minecraft:oak_fence":33,"minecraft:glass_bottle":3,"iceandfire:dragonbone_sword":2,"minecraft:deepslate":82,"iceandfire:silver_ingot":13,"minecraft:cooked_porkchop":3,"minecraft:crafting_table":7,"minecraft:enchanting_table":1,"minecraft:deepslate_brick_slab":30,"minecraft:clock":1,"iceandfire:pixie_jar_empty":2,"minecraft:bucket":1,"jet_and_elias_armors:knight_m_pink_boots":1,"iceandfire:dragonbone_pickaxe":1,"minecraft:air":0,"minecraft:jungle_planks":4,"minecraft:diamond_pickaxe":1,"minecraft:stick":64,"minecraft:iron_ingot":78,"minecraft:iron_pickaxe":1,"minecraft:oak_stairs":76,"minecraft:iron_block":4,"minecraft:iron_shovel":7,"minecraft:gold_ingot":13,"minecraft:stonecutter":1,"minecraft:anvil":1,"minecraft:acacia_planks":128,"minecraft:torch":268,"iceandfire:silver_pickaxe":4,"minecraft:shears":1},"minecraft:killed_by":{"iceandfire:lightning_dragon":4,"minecraft:zombie":1}},"DataVersion":3465}