{"stats":{"minecraft:killed_by":{"minecraft:zombie":1},"minecraft:crafted":{"minecraft:crafting_table":1,"minecraft:air":0,"minecraft:iron_axe":1,"minecraft:stick":4,"minecraft:iron_ingot":60,"minecraft:iron_block":3,"minecraft:iron_shovel":7,"minecraft:anvil":1,"minecraft:acacia_planks":12,"minecraft:torch":192},"minecraft:broken":{"minecraft:iron_shovel":3,"jet_and_elias_armors:gladiator_armor_boots":1,"minecraft:iron_pickaxe":1},"minecraft:picked_up":{"minecraft:leather_chestplate":1,"minecraft:wheat":2,"minecraft:chicken":1,"minecraft:leather_leggings":1,"minecraft:andesite":4,"iceandfire:fire_lily":2,"minecraft:leather":8,"jet_and_elias_armors:the_dames_armor_leggings":1,"minecraft:oak_log":8,"minecraft:gunpowder":2,"epicfight:iron_longsword":1,"minecraft:dirt":803,"minecraft:map":3,"minecraft:lapis_lazuli":56,"minecraft:string":18,"minecraft:paper":10,"minecraft:white_banner":3,"minecraft:name_tag":1,"jet_and_elias_armors:heavy_knight_armor_chestplate":1,"minecraft:bone":14,"minecraft:apple":3,"jet_and_elias_armors:the_dames_armor_helmet":1,"minecraft:bow":1,"minecraft:wheat_seeds":25,"minecraft:cobbled_deepslate":4,"minecraft:raw_gold":1,"minecraft:beef":6,"minecraft:iron_ingot":1,"minecraft:stone_pickaxe":1,"minecraft:iron_nugget":17,"minecraft:iron_pickaxe":1,"minecraft:acacia_sapling":32,"minecraft:egg":3,"minecraft:stick":48,"minecraft:raw_iron":89,"minecraft:cooked_porkchop":23,"minecraft:acacia_log":88,"iceandfire:dragonbone_sword":1,"minecraft:torch":8,"jet_and_elias_armors:gladiator_armor_boots":1,"epicfight:skillbook":3,"minecraft:fire_charge":1,"iceandfire:rotten_egg":1,"minecraft:carrot":2,"minecraft:spider_eye":5,"minecraft:orange_bed":1,"minecraft:arrow":23,"minecraft:rotten_flesh":33,"minecraft:diamond":2,"minecraft:granite":1,"minecraft:gray_wool":1,"minecraft:golden_apple":2,"minecraft:mutton":2,"iceandfire:dragonbone_bow":1,"minecraft:glistering_melon_slice":5,"minecraft:white_wool":1,"minecraft:oak_sapling":4,"minecraft:black_wool":2,"minecraft:glow_berries":4,"minecraft:coal":65,"minecraft:rail":1,"iceandfire:raw_silver":13,"minecraft:cobblestone":34,"minecraft:ender_pearl":2},"minecraft:dropped":{"minecraft:wheat":1,"minecraft:granite":1,"epicfight:iron_longsword":1,"minecraft:andesite":1},"minecraft:custom":{"minecraft:interact_with_furnace":19,"minecraft:interact_with_anvil":3,"minecraft:mob_kills":54,"minecraft:interact_with_crafting_table":7,"minecraft:interact_with_grindstone":1,"minecraft:leave_game":12,"minecraft:time_since_death":125748,"minecraft:sleep_in_bed":2,"minecraft:time_since_rest":5534,"minecraft:sprint_one_cm":634952,"minecraft:damage_taken":1595,"minecraft:walk_one_cm":881134,"minecraft:drop":4,"minecraft:damage_dealt":9652,"minecraft:damage_dealt_absorbed":96,"minecraft:talked_to_villager":1,"minecraft:fly_one_cm":454447,"minecraft:open_chest":48,"minecraft:crouch_one_cm":825,"minecraft:play_time":255873,"minecraft:deaths":1,"minecraft:sneak_time":294,"minecraft:jump":1412,"minecraft:walk_on_water_one_cm":4131,"minecraft:horse_one_cm":171563,"minecraft:total_world_time":255873,"minecraft:fall_one_cm":25261},"minecraft:used":{"epicfight:skillbook":3,"minecraft:iron_shovel":851,"minecraft:chest":2,"minecraft:orange_bed":1,"minecraft:torch":174,"minecraft:dirt":74,"minecraft:anvil":1,"minecraft:crafting_table":1,"iceandfire:dragonbone_sword":84,"epicfight:iron_greatsword":54,"minecraft:iron_axe":107,"minecraft:bread":10,"minecraft:iron_pickaxe":185,"minecraft:cobblestone":6,"minecraft:cooked_porkchop":17,"minecraft:cobbled_deepslate":3},"minecraft:mined":{"iceandfire:silver_ore":12,"minecraft:deepslate_diamond_ore":1,"minecraft:torch":1,"minecraft:granite":3,"minecraft:acacia_log":88,"minecraft:grass_block":455,"minecraft:cobblestone":1,"minecraft:lapis_ore":7,"minecraft:wall_torch":7,"minecraft:iron_ore":58,"minecraft:andesite":2,"minecraft:deepslate_lapis_ore":1,"minecraft:grass":55,"minecraft:oak_log":8,"minecraft:coal_ore":65,"minecraft:dirt":351,"minecraft:orange_bed":1,"minecraft:stone":29,"minecraft:gold_ore":1,"minecraft:deepslate":5},"minecraft:killed":{"minecraft:cave_spider":1,"minecraft:spider":10,"minecraft:creeper":1,"minecraft:sheep":2,"minecraft:horse":1,"minecraft:skeleton":12,"minecraft:zombie":22,"minecraft:chicken":1,"minecraft:cow":2,"minecraft:enderman":1}},"DataVersion":3465}