{"stats":{"minecraft:killed_by":{"minecraft:zombie":1},"minecraft:crafted":{"minecraft:air":0,"minecraft:iron_ingot":10,"minecraft:torch":192},"minecraft:broken":{"jet_and_elias_armors:gladiator_armor_boots":1,"minecraft:iron_pickaxe":1},"minecraft:picked_up":{"minecraft:leather_chestplate":1,"minecraft:wheat":1,"minecraft:leather_leggings":1,"minecraft:andesite":4,"iceandfire:fire_lily":2,"minecraft:leather":4,"jet_and_elias_armors:the_dames_armor_leggings":1,"epicfight:iron_longsword":1,"minecraft:map":3,"minecraft:lapis_lazuli":56,"minecraft:string":11,"minecraft:paper":10,"minecraft:white_banner":3,"minecraft:name_tag":1,"jet_and_elias_armors:heavy_knight_armor_chestplate":1,"minecraft:bone":7,"jet_and_elias_armors:the_dames_armor_helmet":1,"minecraft:cobbled_deepslate":4,"minecraft:raw_gold":1,"minecraft:iron_ingot":1,"minecraft:stone_pickaxe":1,"minecraft:iron_nugget":17,"minecraft:iron_pickaxe":1,"minecraft:raw_iron":88,"minecraft:stick":28,"minecraft:cooked_porkchop":23,"iceandfire:dragonbone_sword":1,"minecraft:torch":4,"jet_and_elias_armors:gladiator_armor_boots":1,"minecraft:fire_charge":1,"epicfight:skillbook":3,"iceandfire:rotten_egg":1,"minecraft:spider_eye":2,"minecraft:arrow":16,"minecraft:rotten_flesh":16,"minecraft:diamond":2,"minecraft:granite":1,"minecraft:golden_apple":2,"iceandfire:dragonbone_bow":1,"minecraft:glistering_melon_slice":5,"minecraft:black_wool":2,"minecraft:glow_berries":4,"minecraft:coal":20,"minecraft:rail":1,"iceandfire:raw_silver":13,"minecraft:cobblestone":23,"minecraft:ender_pearl":2},"minecraft:dropped":{"minecraft:wheat":1,"minecraft:granite":1,"minecraft:andesite":1},"minecraft:custom":{"minecraft:interact_with_furnace":4,"minecraft:mob_kills":22,"minecraft:interact_with_crafting_table":1,"minecraft:leave_game":8,"minecraft:time_since_death":57824,"minecraft:time_since_rest":61633,"minecraft:sprint_one_cm":376406,"minecraft:damage_taken":1177,"minecraft:walk_one_cm":436368,"minecraft:drop":3,"minecraft:damage_dealt":4238,"minecraft:damage_dealt_absorbed":96,"minecraft:fly_one_cm":219741,"minecraft:open_chest":24,"minecraft:crouch_one_cm":490,"minecraft:play_time":187949,"minecraft:deaths":1,"minecraft:sneak_time":195,"minecraft:jump":858,"minecraft:walk_on_water_one_cm":1568,"minecraft:total_world_time":187949,"minecraft:fall_one_cm":14518},"minecraft:used":{"epicfight:skillbook":3,"minecraft:torch":137,"iceandfire:dragonbone_sword":72,"minecraft:bread":4,"minecraft:iron_pickaxe":128,"minecraft:cobblestone":6,"minecraft:cooked_porkchop":13,"minecraft:cobbled_deepslate":3},"minecraft:mined":{"iceandfire:silver_ore":12,"minecraft:deepslate_diamond_ore":1,"minecraft:granite":3,"minecraft:cobblestone":1,"minecraft:lapis_ore":7,"minecraft:wall_torch":4,"minecraft:iron_ore":57,"minecraft:andesite":2,"minecraft:deepslate_lapis_ore":1,"minecraft:coal_ore":20,"minecraft:stone":18,"minecraft:gold_ore":1,"minecraft:deepslate":5},"minecraft:killed":{"minecraft:spider":3,"minecraft:skeleton":7,"minecraft:zombie":10,"minecraft:enderman":1}},"DataVersion":3465}