{"stats":{"minecraft:killed_by":{"minecraft:zombie":1},"minecraft:crafted":{"minecraft:oak_planks":32,"iceandfire:silver_ingot":13,"minecraft:crafting_table":5,"minecraft:furnace":4,"jet_and_elias_armors:knight_m_pink_boots":1,"minecraft:air":0,"minecraft:iron_boots":1,"minecraft:iron_axe":1,"minecraft:stick":16,"minecraft:iron_ingot":75,"minecraft:iron_pickaxe":1,"minecraft:iron_block":4,"minecraft:chest":2,"minecraft:iron_shovel":7,"minecraft:anvil":1,"minecraft:acacia_planks":96,"minecraft:torch":200,"iceandfire:silver_pickaxe":4},"minecraft:broken":{"minecraft:iron_shovel":3,"jet_and_elias_armors:gladiator_armor_boots":1,"minecraft:iron_pickaxe":1,"iceandfire:silver_pickaxe":2},"minecraft:picked_up":{"minecraft:crafting_table":2,"minecraft:leather_chestplate":1,"minecraft:wheat":2,"minecraft:chicken":1,"minecraft:leather_leggings":1,"minecraft:andesite":4,"iceandfire:fire_lily":2,"minecraft:leather":8,"jet_and_elias_armors:the_dames_armor_leggings":1,"minecraft:tuff":357,"minecraft:oak_log":8,"minecraft:gunpowder":2,"epicfight:iron_longsword":1,"minecraft:dirt":811,"minecraft:map":3,"minecraft:lapis_lazuli":71,"minecraft:string":18,"minecraft:paper":10,"minecraft:white_banner":3,"minecraft:name_tag":1,"jet_and_elias_armors:heavy_knight_armor_chestplate":1,"minecraft:bone":16,"minecraft:apple":3,"jet_and_elias_armors:the_dames_armor_helmet":1,"minecraft:bow":1,"minecraft:wheat_seeds":25,"minecraft:cobbled_deepslate":732,"minecraft:raw_gold":4,"minecraft:beef":6,"minecraft:iron_ingot":1,"minecraft:stone_pickaxe":1,"minecraft:iron_nugget":17,"minecraft:iron_pickaxe":1,"minecraft:oak_planks":40,"minecraft:acacia_sapling":32,"minecraft:egg":3,"minecraft:stick":48,"minecraft:raw_iron":107,"minecraft:cooked_porkchop":23,"minecraft:acacia_log":88,"iceandfire:dragonbone_sword":1,"minecraft:torch":33,"jet_and_elias_armors:gladiator_armor_boots":1,"minecraft:gravel":24,"epicfight:skillbook":4,"minecraft:fire_charge":1,"iceandfire:rotten_egg":1,"minecraft:diorite":3,"minecraft:carrot":2,"minecraft:redstone":70,"minecraft:spider_eye":5,"minecraft:orange_bed":1,"minecraft:arrow":23,"minecraft:rotten_flesh":33,"minecraft:diamond":11,"minecraft:granite":1,"minecraft:gray_wool":1,"minecraft:golden_apple":2,"minecraft:mutton":2,"iceandfire:dragonbone_bow":1,"minecraft:glistering_melon_slice":5,"minecraft:white_wool":1,"minecraft:oak_sapling":4,"minecraft:black_wool":2,"minecraft:glow_berries":4,"minecraft:coal":89,"minecraft:rail":1,"iceandfire:raw_silver":13,"minecraft:cobblestone":97,"minecraft:ender_pearl":2},"minecraft:dropped":{"minecraft:cobbled_deepslate":1,"minecraft:tuff":64,"minecraft:wheat":1,"minecraft:cobblestone":4,"minecraft:granite":1,"epicfight:iron_longsword":1,"minecraft:andesite":1},"minecraft:custom":{"minecraft:interact_with_furnace":36,"minecraft:interact_with_anvil":9,"minecraft:mob_kills":55,"minecraft:interact_with_crafting_table":19,"minecraft:interact_with_grindstone":1,"minecraft:leave_game":12,"minecraft:time_since_death":215748,"minecraft:sleep_in_bed":2,"minecraft:time_since_rest":95534,"minecraft:sprint_one_cm":817716,"minecraft:damage_taken":1792,"minecraft:walk_one_cm":1281322,"minecraft:drop":7,"minecraft:damage_dealt":9976,"minecraft:damage_dealt_absorbed":96,"minecraft:talked_to_villager":3,"minecraft:fly_one_cm":664538,"minecraft:open_chest":95,"minecraft:crouch_one_cm":14693,"minecraft:play_time":345873,"minecraft:deaths":1,"minecraft:sneak_time":4249,"minecraft:jump":2052,"minecraft:walk_on_water_one_cm":9434,"minecraft:horse_one_cm":171563,"minecraft:total_world_time":345873,"minecraft:fall_one_cm":38096},"minecraft:used":{"epicfight:skillbook":4,"minecraft:iron_shovel":852,"minecraft:chest":4,"minecraft:orange_bed":1,"minecraft:torch":252,"minecraft:dirt":131,"minecraft:anvil":1,"minecraft:crafting_table":7,"iceandfire:silver_pickaxe":1199,"iceandfire:dragonbone_sword":89,"minecraft:apple":3,"epicfight:iron_greatsword":54,"minecraft:iron_axe":109,"minecraft:bread":18,"minecraft:iron_pickaxe":276,"minecraft:cobblestone":61,"minecraft:furnace":4,"minecraft:cooked_porkchop":17,"minecraft:bucket":1,"minecraft:cobbled_deepslate":24},"minecraft:mined":{"minecraft:deepslate_redstone_ore":16,"minecraft:tuff":379,"iceandfire:silver_ore":12,"minecraft:deepslate_diamond_ore":10,"minecraft:crafting_table":2,"minecraft:torch":11,"minecraft:granite":3,"minecraft:acacia_log":88,"minecraft:grass_block":455,"minecraft:cobblestone":6,"minecraft:deepslate_gold_ore":3,"minecraft:lapis_ore":7,"minecraft:diorite":3,"minecraft:wall_torch":23,"minecraft:iron_ore":66,"minecraft:andesite":2,"minecraft:deepslate_lapis_ore":3,"minecraft:grass":55,"minecraft:oak_log":8,"minecraft:coal_ore":89,"minecraft:deepslate_iron_ore":10,"minecraft:gravel":16,"minecraft:dirt":351,"minecraft:orange_bed":1,"minecraft:stone":85,"minecraft:gold_ore":1,"minecraft:deepslate":752},"minecraft:killed":{"minecraft:cave_spider":1,"minecraft:spider":10,"minecraft:creeper":1,"minecraft:sheep":2,"minecraft:horse":1,"minecraft:skeleton":13,"minecraft:zombie":22,"minecraft:chicken":1,"minecraft:cow":2,"minecraft:enderman":1}},"DataVersion":3465}